IP,Accept-Language,Location,Time,Threat Level
30.226.9.250,iw,ar,2024-03-18 06:51:01,1
162.140.254.120,es,jp,2024-03-18 08:49:18,1
189.189.21.45,af,in,2024-03-18 00:51:25,1
9.143.215.8,mhr,it,2024-03-18 06:44:19,1
112.96.250.231,hu,id,2024-03-18 02:46:57,1
223.230.65.171,bhb,to,2024-03-18 12:41:42,1
117.96.129.42,nn,lc,2024-03-18 10:11:40,1
94.197.179.149,hi,er,2024-03-18 01:42:59,1
93.2.53.78,ak,uz,2024-03-18 01:04:16,1
44.236.59.119,yo,is,2024-03-18 01:17:06,1
91.36.231.86,ro,qa,2024-03-18 05:27:03,1
125.159.70.130,en,mr,2024-03-18 03:43:30,1
205.49.175.17,om,za,2024-03-18 15:01:09,1
133.118.135.212,gu,do,2024-03-18 22:59:21,1
89.124.242.26,aa,cu,2024-03-18 21:58:47,1
77.158.255.96,ha,sv,2024-03-18 12:18:22,1
159.150.49.161,ht,dj,2024-03-18 21:13:52,1
77.98.26.154,ko,sb,2024-03-18 18:27:12,1
172.16.0.1,ss,bo,2024-03-18 14:16:30,2
4.38.151.246,es,ch,2024-03-18 07:48:58,1
130.126.53.6,he,lc,2024-03-18 09:29:17,1
141.245.126.240,br,is,2024-03-18 03:12:23,1
77.158.137.142,si,do,2024-03-18 17:38:15,1
189.173.157.166,yi,ye,2024-03-18 05:53:50,1
172.16.0.1,hne,kr,2024-03-18 02:42:17,2
12.246.161.115,the,me,2024-03-18 06:01:29,1
18.123.127.84,ln,za,2024-03-18 07:18:31,1
205.189.183.133,ta,li,2024-03-18 01:45:04,1
34.81.5.6,hu,ba,2024-03-18 04:37:49,1
27.164.108.226,the,sk,2024-03-18 13:57:28,1
102.254.156.219,cv,lv,2024-03-18 03:07:22,1
149.251.43.220,lo,rw,2024-03-18 04:00:52,1
90.86.159.94,rw,cr,2024-03-18 06:12:34,1
76.178.15.41,nds,ci,2024-03-18 01:36:25,1
89.43.7.135,ne,ma,2024-03-18 20:15:46,1
34.215.23.73,ff,sb,2024-03-18 00:56:02,1
57.37.215.189,kw,jp,2024-03-18 17:39:48,1
39.177.230.111,ff,ve,2024-03-18 15:02:54,1
69.125.255.9,sw,lc,2024-03-18 17:43:18,1
33.222.203.105,ia,tl,2024-03-18 20:23:05,1
80.169.217.45,eo,ki,2024-03-18 02:24:51,1
25.97.39.221,ky,de,2024-03-18 01:57:27,1
91.118.73.109,bho,ke,2024-03-18 12:21:32,1
106.134.133.219,sa,si,2024-03-18 19:58:35,1
76.201.127.217,ha,lr,2024-03-18 00:08:04,1
175.8.154.81,sv,pt,2024-03-18 07:34:24,1
69.72.171.28,gu,ru,2024-03-18 16:18:00,1
205.191.209.15,ast,bt,2024-03-18 16:36:21,1
9.255.245.82,sat,ma,2024-03-18 23:13:15,1
44.242.198.124,gu,az,2024-03-18 00:31:57,1
203.63.186.71,sv,rs,2024-03-18 10:47:47,1
149.165.202.215,sv,lk,2024-03-18 13:01:48,1
163.57.196.42,crh,ge,2024-03-18 18:20:42,1
90.146.225.29,byn,pl,2024-03-18 02:35:18,1
186.73.39.212,sat,zm,2024-03-18 04:07:16,1
67.248.96.155,nr,mv,2024-03-18 05:45:11,1
118.80.53.241,raj,cn,2024-03-18 14:17:46,1
86.252.16.203,ja,uy,2024-03-18 02:07:34,1
96.149.236.65,ckb,pw,2024-03-18 01:30:01,1
91.40.105.131,sat,ru,2024-03-18 00:15:54,1
154.114.251.224,dv,jp,2024-03-18 07:37:12,1
177.186.27.39,mhr,bf,2024-03-18 18:15:02,1
54.63.223.171,tl,ir,2024-03-18 21:38:29,1
114.36.213.192,be,gr,2024-03-18 02:22:56,1
10.0.0.5,hy,ua,2024-03-18 05:22:45,2
177.111.16.78,sl,by,2024-03-18 17:23:53,1
109.161.158.246,he,id,2024-03-18 04:22:09,1
26.226.129.238,nr,za,2024-03-18 00:38:00,1
216.137.145.174,fr,ga,2024-03-18 03:51:13,1
42.242.171.134,fil,pt,2024-03-18 01:18:34,1
101.8.8.176,szl,my,2024-03-18 01:47:02,1
183.44.208.49,ka,cn,2024-03-18 02:53:18,1
84.213.85.208,hne,mm,2024-03-18 02:19:06,1
203.183.186.13,sd,fr,2024-03-18 00:11:02,1
10.0.0.5,kok,py,2024-03-18 00:48:59,2
133.75.128.26,zu,kh,2024-03-18 17:02:10,1
71.201.57.247,my,lv,2024-03-18 12:24:31,1
81.148.119.43,af,mr,2024-03-18 23:25:24,1
222.60.41.145,iu,mx,2024-03-18 12:38:55,1
217.204.229.172,ca,sy,2024-03-18 12:28:56,1
37.132.9.211,eo,gm,2024-03-18 03:30:31,1
3.93.116.227,fy,gr,2024-03-18 20:58:17,1
157.87.185.39,el,am,2024-03-18 07:10:04,1
88.240.206.128,fur,km,2024-03-18 03:14:27,1
11.131.143.174,hak,do,2024-03-18 00:37:57,1
103.243.7.116,si,qa,2024-03-18 00:23:13,1
57.59.240.135,gu,pg,2024-03-18 02:30:32,1
4.34.120.253,tig,lv,2024-03-18 11:53:54,1
192.168.1.10,om,cv,2024-03-18 06:44:49,2
186.83.236.186,uz,lb,2024-03-18 05:42:03,1
103.150.232.114,lt,sg,2024-03-18 21:41:09,1
117.53.244.114,mi,gm,2024-03-18 21:04:20,1
74.133.208.189,sv,no,2024-03-18 15:29:41,1
136.123.50.231,iu,to,2024-03-18 00:53:20,1
28.7.201.71,aa,bj,2024-03-18 14:22:08,1
78.16.157.246,kl,uy,2024-03-18 00:15:59,1
206.114.176.231,gez,be,2024-03-18 14:20:06,1
39.237.113.164,gv,bf,2024-03-18 18:03:05,1
192.168.1.10,bs,tr,2024-03-18 19:49:57,2
107.11.124.41,or,ba,2024-03-18 23:33:30,1
49.176.79.114,bo,mw,2024-03-18 16:30:44,1
197.33.220.44,ln,dj,2024-03-18 10:28:36,1
123.91.116.133,dv,ng,2024-03-18 08:10:44,1
154.210.185.191,hne,ar,2024-03-18 19:36:58,1
133.5.52.250,xh,sy,2024-03-18 02:58:31,1
176.155.24.33,tg,cm,2024-03-18 14:25:02,1
33.108.62.145,nb,sk,2024-03-18 21:08:47,1
157.137.82.112,az,cr,2024-03-18 18:02:25,1
219.118.218.162,si,gq,2024-03-18 00:50:13,1
159.233.251.147,hu,tm,2024-03-18 02:45:31,1
210.209.30.124,apn,mz,2024-03-18 23:16:30,1
57.21.42.213,niu,mk,2024-03-18 14:42:24,1
156.221.13.78,mni,ga,2024-03-18 15:22:16,1
168.200.246.13,bs,sl,2024-03-18 14:43:17,1
121.167.220.187,eo,rw,2024-03-18 00:39:22,1
65.150.188.103,ss,sr,2024-03-18 00:07:31,1
35.145.208.165,br,gd,2024-03-18 20:47:19,1
75.177.181.120,sl,dm,2024-03-18 01:45:16,1
6.73.38.118,tg,fm,2024-03-18 11:23:41,1
17.106.208.147,sv,mx,2024-03-18 22:30:59,1
68.96.242.251,gd,ge,2024-03-18 11:20:20,1
108.48.126.197,lo,fr,2024-03-18 03:00:03,1
192.168.1.10,ff,ae,2024-03-18 15:03:39,2
111.81.102.170,fy,nr,2024-03-18 17:39:30,1
219.148.173.244,lv,mv,2024-03-18 13:52:59,1
5.190.198.1,kk,al,2024-03-18 00:49:02,1
4.235.222.164,eo,td,2024-03-18 21:03:19,1
168.149.43.22,lij,mx,2024-03-18 00:34:37,1
159.227.150.148,or,az,2024-03-18 17:22:53,1
110.197.73.184,bhb,sc,2024-03-18 23:43:03,1
78.141.121.203,ve,kg,2024-03-18 18:59:20,1
100.20.192.168,mi,vn,2024-03-18 03:03:03,1
49.170.204.54,pap,tn,2024-03-18 00:09:51,1
57.75.143.167,uz,se,2024-03-18 23:33:30,1
161.239.121.190,mk,lu,2024-03-18 13:14:46,1
44.67.66.85,uz,ps,2024-03-18 01:52:46,1
180.98.185.153,lv,no,2024-03-18 05:54:27,1
124.14.130.191,iw,ug,2024-03-18 19:57:02,1
100.230.123.49,gez,sc,2024-03-18 20:57:03,1
91.233.21.62,zh,at,2024-03-18 12:12:26,1
99.6.77.85,aa,na,2024-03-18 02:54:17,1
108.94.236.201,fy,de,2024-03-18 01:29:37,1
48.151.158.118,ss,uy,2024-03-18 05:51:13,1
215.219.235.196,ast,mr,2024-03-18 08:49:19,1
166.21.151.116,yi,ir,2024-03-18 19:49:04,1
208.172.69.220,ss,qa,2024-03-18 03:27:23,1
81.197.255.57,os,hu,2024-03-18 01:43:30,1
218.160.5.7,ve,it,2024-03-18 21:47:10,1
92.17.244.158,da,am,2024-03-18 21:20:02,1
171.66.192.141,cmn,hn,2024-03-18 15:28:53,1
18.48.78.163,crh,cm,2024-03-18 20:06:18,1
215.122.126.216,ts,gt,2024-03-18 23:13:11,1
206.213.117.182,quz,at,2024-03-18 17:25:26,1
159.221.209.50,ar,er,2024-03-18 12:15:23,1
213.164.199.170,ia,nz,2024-03-18 00:34:01,1
173.51.123.62,byn,sk,2024-03-18 10:16:21,1
107.137.16.94,om,dj,2024-03-18 04:56:39,1
166.187.173.143,ia,kr,2024-03-18 00:33:56,1
22.158.83.149,da,gb,2024-03-18 07:44:29,1
113.13.75.100,lv,hn,2024-03-18 08:20:07,1
97.66.142.9,hak,cv,2024-03-18 03:39:29,1
34.101.127.69,ve,kw,2024-03-18 04:47:28,1
114.63.100.209,ce,vc,2024-03-18 22:35:15,1
73.228.82.198,nl,kz,2024-03-18 11:29:34,1
102.196.71.38,aa,bh,2024-03-18 02:19:21,1
85.123.171.163,fo,lr,2024-03-18 19:15:36,1
41.119.130.141,mr,fi,2024-03-18 18:05:26,1
67.1.77.75,be,dz,2024-03-18 11:00:37,1
27.162.116.195,sr,na,2024-03-18 03:53:27,1
113.29.3.59,zu,rs,2024-03-18 02:27:12,1
177.191.20.166,unm,ee,2024-03-18 21:18:05,1
58.124.121.4,lzh,bg,2024-03-18 04:57:27,1
114.132.44.21,sw,cy,2024-03-18 00:59:04,1
108.57.228.200,se,dz,2024-03-18 13:52:40,1
74.150.197.0,cy,tl,2024-03-18 19:49:24,1
64.102.120.219,id,bh,2024-03-18 02:31:29,1
115.74.6.202,sl,ci,2024-03-18 23:34:16,1
177.28.180.147,gez,ge,2024-03-18 02:13:55,1
78.63.66.79,ko,ga,2024-03-18 09:18:24,1
72.76.127.105,da,eg,2024-03-18 00:02:02,1
181.170.20.5,ve,sd,2024-03-18 00:20:32,1
221.51.153.177,my,sb,2024-03-18 00:45:13,1
116.180.65.147,eo,pe,2024-03-18 12:40:30,1
82.97.106.142,th,sm,2024-03-18 05:58:39,1
161.109.124.172,fy,fj,2024-03-18 01:30:45,1
60.219.143.187,be,cd,2024-03-18 21:00:32,1
50.136.62.65,gv,bw,2024-03-18 13:56:44,1
10.0.0.5,nso,ch,2024-03-18 02:21:55,2
142.96.70.196,byn,gn,2024-03-18 11:45:08,1
43.197.197.115,ts,mz,2024-03-18 03:49:31,1
1.192.217.120,tg,iq,2024-03-18 02:26:20,1
24.248.145.153,ayc,ae,2024-03-18 16:15:16,1
43.122.79.162,eu,gm,2024-03-18 04:55:45,1
136.65.7.231,ka,cf,2024-03-18 18:36:49,1
30.219.28.34,ne,td,2024-03-18 01:38:28,1
192.168.1.10,hr,cy,2024-03-18 02:54:53,2
132.144.128.101,lg,ec,2024-03-18 17:20:44,1
171.203.90.1,ast,ki,2024-03-18 05:06:12,1
149.49.120.147,nr,sz,2024-03-18 19:22:28,1
222.167.52.242,nn,sm,2024-03-18 13:45:32,1
81.36.40.195,da,om,2024-03-18 08:24:04,1
203.239.212.94,rw,tl,2024-03-18 02:46:31,1
7.157.119.51,brx,bf,2024-03-18 00:04:25,1
170.195.0.143,nr,cv,2024-03-18 18:04:45,1
119.0.204.11,yue,ke,2024-03-18 10:12:15,1
132.203.185.185,lij,co,2024-03-18 11:10:59,1
96.85.173.17,kl,cd,2024-03-18 14:46:08,1
181.149.206.163,de,no,2024-03-18 14:32:32,1
205.143.194.77,fur,sc,2024-03-18 00:22:44,1
223.231.98.12,ce,rs,2024-03-18 21:26:45,1
111.33.73.212,tk,er,2024-03-18 00:14:38,1
182.105.116.119,my,au,2024-03-18 10:41:07,1
56.121.32.51,lv,ls,2024-03-18 01:46:05,1
220.134.52.227,de,ni,2024-03-18 00:14:28,1
174.106.219.226,lzh,py,2024-03-18 10:12:33,1
46.23.217.109,ast,pg,2024-03-18 02:11:56,1
191.250.50.21,ayc,cz,2024-03-18 15:15:27,1
88.73.98.142,yue,md,2024-03-18 02:49:37,1
69.56.233.190,bhb,gw,2024-03-18 13:32:04,1
219.54.236.152,tl,lv,2024-03-18 10:38:05,1
172.131.53.166,ti,ni,2024-03-18 02:18:36,1
94.178.4.100,nso,sm,2024-03-18 18:26:11,1
152.206.108.162,fi,sc,2024-03-18 01:31:48,1
112.177.162.76,is,lu,2024-03-18 15:45:25,1
208.43.218.35,or,ge,2024-03-18 01:22:14,1
207.170.223.237,lo,lk,2024-03-18 19:03:18,1
142.77.230.131,ha,zm,2024-03-18 08:18:13,1
194.152.117.148,bs,cy,2024-03-18 08:13:32,1
8.244.37.140,ta,kp,2024-03-18 01:17:15,1
212.104.145.233,bo,mu,2024-03-18 16:54:24,1
146.57.117.9,aa,my,2024-03-18 00:47:26,1
146.76.226.227,bs,gd,2024-03-18 02:34:54,1
50.13.69.141,apn,sm,2024-03-18 04:01:00,1
72.141.255.52,mr,md,2024-03-18 14:10:06,1
205.188.99.102,tg,fi,2024-03-18 15:50:01,1
102.207.87.55,eo,do,2024-03-18 01:16:32,1
210.161.158.135,fr,az,2024-03-18 07:15:29,1
186.244.211.151,sq,mz,2024-03-18 17:22:36,1
93.30.121.61,szl,ga,2024-03-18 14:11:24,1
223.12.126.245,ve,pe,2024-03-18 19:40:40,1
70.73.72.112,sl,fi,2024-03-18 16:05:35,1
54.4.119.21,ak,ae,2024-03-18 02:03:18,1
62.61.181.209,fy,sr,2024-03-18 11:22:42,1
178.234.13.170,ks,bb,2024-03-18 08:50:28,1
183.246.219.142,lzh,af,2024-03-18 07:37:02,1
192.168.1.10,ps,ci,2024-03-18 16:42:20,2
179.208.82.178,quz,ht,2024-03-18 21:40:19,1
38.11.225.131,ce,lr,2024-03-18 22:23:29,1
22.89.141.103,bg,sy,2024-03-18 11:33:05,1
1.40.139.10,sv,hu,2024-03-18 10:04:55,1
113.187.142.203,ko,bh,2024-03-18 17:34:39,1
23.17.151.129,km,bz,2024-03-18 01:54:38,1
190.134.101.247,sl,sc,2024-03-18 10:25:52,1
52.176.13.112,yue,mc,2024-03-18 09:25:08,1
88.230.122.242,uk,tt,2024-03-18 17:44:05,1
16.5.147.79,sc,mk,2024-03-18 04:14:26,1
135.5.132.212,is,bz,2024-03-18 08:22:17,1
75.59.128.150,da,ni,2024-03-18 11:14:45,1
55.197.72.99,pl,tw,2024-03-18 16:59:08,1
140.203.112.188,os,ge,2024-03-18 12:07:18,1
212.226.173.251,nhn,li,2024-03-18 15:43:37,1
106.208.31.179,ss,uz,2024-03-18 08:04:34,1
140.143.137.3,bhb,bt,2024-03-18 12:58:33,1
50.23.122.224,mn,gw,2024-03-18 20:15:59,1
203.118.185.125,ht,om,2024-03-18 22:48:55,1
8.254.114.0,nds,ao,2024-03-18 02:06:58,1
30.132.47.8,uz,cd,2024-03-18 03:00:40,1
29.186.16.153,crh,vu,2024-03-18 20:52:38,1
20.90.132.99,tr,ws,2024-03-18 02:56:50,1
108.203.112.163,lzh,af,2024-03-18 05:02:48,1
163.76.87.33,niu,mx,2024-03-18 17:21:48,1
153.4.105.89,km,my,2024-03-18 02:26:10,1
124.216.1.136,hne,pg,2024-03-18 08:23:09,1
111.250.179.29,cs,mc,2024-03-18 02:32:38,1
217.38.100.225,uz,do,2024-03-18 02:36:48,1
196.93.59.62,rw,nr,2024-03-18 00:48:31,1
196.40.228.96,si,gm,2024-03-18 19:31:13,1
157.15.135.225,ts,va,2024-03-18 02:46:13,1
213.53.7.132,ps,dz,2024-03-18 00:43:52,1
170.8.184.82,ts,sb,2024-03-18 08:30:39,1
215.254.85.68,sq,sl,2024-03-18 05:57:18,1
130.219.177.158,or,nl,2024-03-18 01:17:21,1
153.62.24.92,os,do,2024-03-18 17:16:06,1
16.225.15.66,oc,by,2024-03-18 22:16:30,1
62.82.108.128,ti,ph,2024-03-18 21:01:08,1
9.224.141.5,sl,qa,2024-03-18 05:33:17,1
221.65.98.216,sq,ph,2024-03-18 00:20:09,1
79.27.100.121,ml,ru,2024-03-18 14:45:01,1
49.230.47.248,mn,tj,2024-03-18 19:35:58,1
132.153.244.15,ku,cd,2024-03-18 09:31:17,1
77.35.72.151,kw,pg,2024-03-18 01:29:41,1
194.213.48.231,sr,pe,2024-03-18 02:48:47,1
188.202.208.93,kw,mu,2024-03-18 02:46:51,1
112.207.19.71,ht,mu,2024-03-18 07:30:56,1
7.158.209.102,kok,kr,2024-03-18 00:14:37,1
101.220.32.78,te,st,2024-03-18 23:05:46,1
18.150.57.131,yue,vc,2024-03-18 15:51:10,1
84.129.181.208,nds,dj,2024-03-18 01:16:09,1
38.97.190.220,ht,is,2024-03-18 02:18:21,1
172.16.0.1,hu,fi,2024-03-18 01:05:36,2
161.235.132.208,lij,il,2024-03-18 01:52:36,1
80.191.223.101,br,iq,2024-03-18 11:06:05,1
59.151.23.243,nl,pk,2024-03-18 01:56:39,1
69.252.43.42,ne,gt,2024-03-18 01:10:11,1
43.143.192.122,zu,th,2024-03-18 02:36:00,1
26.38.163.127,si,sn,2024-03-18 18:52:42,1
30.185.34.10,hak,cm,2024-03-18 02:00:56,1
96.252.143.179,aa,pk,2024-03-18 04:11:38,1
117.59.186.179,crh,ba,2024-03-18 00:59:14,1
167.131.74.61,yo,ie,2024-03-18 14:22:10,1
124.97.174.240,is,cd,2024-03-18 08:09:44,1
218.228.168.125,hr,li,2024-03-18 03:51:41,1
140.124.40.96,bn,va,2024-03-18 20:02:04,1
120.13.168.3,ia,eg,2024-03-18 15:33:10,1
68.184.144.165,ml,cu,2024-03-18 01:04:50,1
181.64.202.109,gu,uz,2024-03-18 14:31:48,1
16.102.152.4,fo,zm,2024-03-18 11:56:52,1
7.189.198.36,so,mc,2024-03-18 20:09:52,1
33.8.46.137,cmn,va,2024-03-18 02:47:07,1
74.56.170.152,sr,to,2024-03-18 17:35:51,1
18.202.74.197,ast,ps,2024-03-18 01:02:34,1
219.91.113.99,nr,jo,2024-03-18 02:47:19,1
201.140.67.196,om,bz,2024-03-18 23:39:35,1
160.194.86.239,wae,ug,2024-03-18 21:06:44,1
133.245.79.235,cmn,af,2024-03-18 17:05:38,1
36.92.174.238,tk,sn,2024-03-18 09:33:56,1
202.255.147.1,lg,al,2024-03-18 13:51:06,1
185.180.63.90,zh,pe,2024-03-18 17:04:12,1
69.76.29.11,lb,kw,2024-03-18 02:42:44,1
145.63.179.79,hak,nl,2024-03-18 00:14:51,1
107.88.52.148,el,er,2024-03-18 14:19:31,1
45.44.17.128,shs,mt,2024-03-18 02:48:19,1
174.155.18.154,the,qa,2024-03-18 05:51:58,1
73.242.131.26,si,cn,2024-03-18 02:32:10,1
150.96.43.146,mn,vn,2024-03-18 12:32:17,1
192.168.1.10,ast,be,2024-03-18 00:47:13,2
56.94.26.182,dv,et,2024-03-18 22:13:04,1
129.43.2.38,ber,bo,2024-03-18 19:51:29,1
54.88.205.114,ru,ly,2024-03-18 10:35:31,1
173.27.26.189,xh,by,2024-03-18 13:06:15,1
217.211.137.193,tn,jp,2024-03-18 00:17:58,1
95.227.44.13,te,uy,2024-03-18 00:45:28,1
176.194.157.197,af,lc,2024-03-18 06:48:30,1
223.19.145.30,am,om,2024-03-18 03:51:22,1
53.54.96.90,pt,sg,2024-03-18 20:37:58,1
22.214.17.191,ml,lk,2024-03-18 02:01:40,1
33.185.63.102,sw,tm,2024-03-18 01:54:49,1
153.216.143.56,th,lc,2024-03-18 01:26:44,1
161.108.174.16,ha,tr,2024-03-18 21:08:16,1
27.97.47.255,st,gb,2024-03-18 01:09:03,1
169.224.104.94,uz,bh,2024-03-18 01:16:09,1
146.181.213.237,sl,gb,2024-03-18 10:17:50,1
59.164.150.96,nb,lr,2024-03-18 04:49:00,1
105.92.251.39,am,jm,2024-03-18 07:03:55,1
116.97.98.163,sq,cd,2024-03-18 04:25:44,1
143.8.153.218,ka,ne,2024-03-18 18:34:27,1
128.251.90.202,gez,ba,2024-03-18 22:09:13,1
210.10.59.90,te,gt,2024-03-18 14:16:09,1
130.141.167.61,wa,hu,2024-03-18 21:02:18,1
122.97.180.219,ht,er,2024-03-18 19:30:06,1
97.26.221.251,ia,mk,2024-03-18 23:09:38,1
72.26.134.27,ve,lc,2024-03-18 18:20:09,1
47.186.117.28,nso,nr,2024-03-18 13:11:22,1
126.174.28.153,an,pt,2024-03-18 08:33:24,1
87.173.9.253,ce,gd,2024-03-18 13:45:46,1
140.232.136.29,es,tj,2024-03-18 11:09:57,1
10.239.172.54,crh,iq,2024-03-18 16:40:28,1
44.91.44.104,lij,li,2024-03-18 02:33:12,1
177.239.188.154,fy,si,2024-03-18 18:44:31,1
152.234.104.4,lv,ng,2024-03-18 19:05:03,1
5.174.91.64,mn,no,2024-03-18 01:34:48,1
21.156.187.214,unm,er,2024-03-18 21:08:52,1
196.65.134.84,om,ro,2024-03-18 20:22:54,1
206.236.31.39,nso,me,2024-03-18 08:52:52,1
214.133.50.210,eu,af,2024-03-18 21:06:05,1
6.26.228.167,te,mg,2024-03-18 20:27:02,1
121.143.86.231,gd,gb,2024-03-18 03:00:29,1
34.241.76.133,kw,gb,2024-03-18 02:30:36,1
120.231.200.122,pa,th,2024-03-18 08:00:53,1
81.186.35.205,ha,ki,2024-03-18 17:09:20,1
77.170.144.97,apn,ca,2024-03-18 12:54:33,1
86.141.223.29,kok,sa,2024-03-18 16:00:15,1
197.147.188.47,kk,mz,2024-03-18 22:34:13,1
82.248.32.164,tg,ad,2024-03-18 01:42:58,1
37.109.130.62,mi,bs,2024-03-18 12:37:25,1
15.43.101.40,mag,cz,2024-03-18 21:36:35,1
23.19.107.133,the,lk,2024-03-18 01:21:07,1
92.242.145.69,ayc,pl,2024-03-18 01:46:32,1
209.168.137.28,os,sn,2024-03-18 01:52:34,1
212.207.254.199,mn,tl,2024-03-18 00:18:54,1
29.22.174.165,om,uy,2024-03-18 17:01:43,1
137.162.165.76,nhn,bz,2024-03-18 21:19:50,1
87.245.253.166,nn,cr,2024-03-18 16:43:50,1
36.130.7.218,st,fm,2024-03-18 00:01:39,1
172.16.0.1,ro,sk,2024-03-18 13:26:11,2
35.194.191.44,hy,bz,2024-03-18 00:15:34,1
208.139.176.233,th,sr,2024-03-18 06:34:07,1
9.215.224.207,bhb,cd,2024-03-18 14:13:06,1
208.38.135.90,ik,mx,2024-03-18 05:43:43,1
109.7.198.44,mg,sy,2024-03-18 23:57:29,1
169.102.174.118,sr,vu,2024-03-18 11:04:51,1
211.146.89.224,pt,tg,2024-03-18 05:49:26,1
171.110.13.106,hy,la,2024-03-18 14:54:48,1
223.15.144.218,mai,tg,2024-03-18 12:37:11,1
4.206.78.18,nr,to,2024-03-18 02:56:24,1
135.215.118.196,ms,kz,2024-03-18 09:46:12,1
70.240.208.247,fa,st,2024-03-18 23:34:26,1
172.16.0.1,uk,ro,2024-03-18 08:06:33,2
192.196.185.128,sa,lv,2024-03-18 07:50:58,1
169.49.121.82,dv,fi,2024-03-18 06:06:18,1
40.154.214.232,fr,pw,2024-03-18 14:35:03,1
103.17.187.68,sk,lk,2024-03-18 05:46:59,1
174.81.239.121,ne,zm,2024-03-18 11:54:39,1
41.48.91.166,sq,ad,2024-03-18 02:06:12,1
157.173.57.224,apn,ls,2024-03-18 23:39:01,1
77.93.181.137,mni,ht,2024-03-18 22:00:51,1
132.184.181.144,fur,co,2024-03-18 12:05:27,1
23.204.207.55,ht,gt,2024-03-18 04:14:51,1
177.50.217.213,mi,sl,2024-03-18 04:37:45,1
59.132.198.45,bhb,mt,2024-03-18 18:39:41,1
27.170.48.195,kl,kr,2024-03-18 01:34:32,1
138.22.145.98,pt,fr,2024-03-18 01:22:58,1
73.236.41.47,ro,sv,2024-03-18 01:46:28,1
96.47.82.225,lij,gt,2024-03-18 02:08:46,1
138.127.122.249,ht,us,2024-03-18 02:40:17,1
50.238.70.80,iu,tg,2024-03-18 01:48:48,1
142.22.192.248,ro,ph,2024-03-18 02:43:23,1
176.23.90.28,es,et,2024-03-18 16:48:51,1
172.244.137.201,mr,ar,2024-03-18 00:59:21,1
67.43.11.1,lt,my,2024-03-18 06:46:13,1
109.77.237.100,raj,mv,2024-03-18 02:53:50,1
69.38.146.233,cv,tz,2024-03-18 01:51:30,1
25.171.234.34,nl,it,2024-03-18 00:12:50,1
103.111.124.50,es,kn,2024-03-18 10:30:21,1
36.207.205.9,ber,gr,2024-03-18 02:44:37,1
169.100.209.87,bho,tz,2024-03-18 17:26:52,1
217.219.188.18,ar,tj,2024-03-18 15:04:44,1
134.232.77.250,ber,so,2024-03-18 02:53:26,1
195.39.234.174,fa,jm,2024-03-18 10:13:19,1
7.14.242.224,ku,ie,2024-03-18 13:46:45,1
125.180.178.48,lg,np,2024-03-18 08:44:07,1
2.34.232.19,ff,sl,2024-03-18 03:37:55,1
140.85.215.212,mr,ph,2024-03-18 17:44:51,1
222.75.137.8,fil,bw,2024-03-18 01:58:22,1
80.50.128.7,iu,it,2024-03-18 21:16:35,1
79.33.81.243,nhn,eg,2024-03-18 02:38:46,1
222.126.80.174,ug,at,2024-03-18 12:26:12,1
213.221.116.5,tg,az,2024-03-18 03:41:27,1
189.200.121.128,mag,sv,2024-03-18 16:14:58,1
187.171.147.86,sk,fr,2024-03-18 15:43:22,1
192.168.1.10,lzh,za,2024-03-18 00:15:49,2
223.22.43.87,ar,sk,2024-03-18 15:21:57,1
218.243.236.59,ha,gr,2024-03-18 22:58:17,1
207.197.56.181,ff,tm,2024-03-18 10:24:46,1
207.221.88.180,lt,mk,2024-03-18 23:31:09,1
150.80.68.237,ast,ps,2024-03-18 17:31:01,1
50.192.131.235,yo,it,2024-03-18 18:58:43,1
163.37.249.30,gv,ve,2024-03-18 10:34:35,1
190.114.17.222,cv,al,2024-03-18 00:23:39,1
63.107.176.81,ku,bo,2024-03-18 00:57:22,1
214.122.90.42,kl,us,2024-03-18 00:54:05,1
162.29.156.128,et,lv,2024-03-18 01:55:40,1
99.211.100.189,fur,gq,2024-03-18 01:56:14,1
213.194.133.120,ms,vc,2024-03-18 22:11:05,1
72.176.59.79,tk,ag,2024-03-18 04:43:53,1
137.238.139.46,hak,la,2024-03-18 02:38:06,1
96.203.188.204,ht,ch,2024-03-18 00:04:24,1
223.42.69.145,is,me,2024-03-18 06:28:11,1
130.160.218.21,rw,bo,2024-03-18 04:32:09,1
153.213.67.250,ts,my,2024-03-18 00:44:06,1
217.69.40.3,li,tg,2024-03-18 16:36:25,1
59.2.48.214,nn,iq,2024-03-18 06:54:00,1
192.168.1.10,se,bj,2024-03-18 19:58:44,2
172.16.0.1,mt,ws,2024-03-18 21:16:13,2
147.155.85.52,mk,cz,2024-03-18 10:47:34,1
34.7.222.35,fil,sc,2024-03-18 16:25:44,1
203.63.30.103,el,sn,2024-03-18 00:37:57,1
220.105.189.9,fy,fi,2024-03-18 21:40:18,1
2.15.205.136,so,fi,2024-03-18 21:35:08,1
95.153.238.92,tr,ge,2024-03-18 00:19:19,1
56.43.175.13,ps,zm,2024-03-18 02:48:38,1
75.223.113.156,nb,is,2024-03-18 12:23:59,1
18.213.113.224,ja,pa,2024-03-18 10:09:51,1
193.83.168.35,tt,mg,2024-03-18 01:58:59,1
161.115.154.209,niu,rw,2024-03-18 12:47:54,1
30.29.194.92,gl,lv,2024-03-18 00:58:15,1
158.191.219.121,wae,af,2024-03-18 20:54:55,1
109.166.7.124,ht,lu,2024-03-18 02:10:57,1
28.239.85.125,bs,tv,2024-03-18 01:59:59,1
172.96.90.37,ts,vc,2024-03-18 18:37:50,1
172.16.0.1,ml,py,2024-03-18 03:44:42,2
107.240.13.34,ur,bn,2024-03-18 23:54:27,1
61.222.208.13,fy,pg,2024-03-18 10:41:18,1
104.135.71.185,pl,cm,2024-03-18 00:56:44,1
216.155.243.20,yo,ba,2024-03-18 01:05:04,1
43.218.131.110,cmn,ni,2024-03-18 02:26:29,1
22.151.45.228,shs,bn,2024-03-18 17:13:28,1
198.84.127.139,tn,ie,2024-03-18 16:09:12,1
87.237.225.244,ayc,tj,2024-03-18 02:57:40,1
13.205.69.159,cv,la,2024-03-18 20:32:42,1
132.214.176.109,ig,mt,2024-03-18 06:00:36,1
216.4.76.48,ff,gt,2024-03-18 21:02:32,1
32.182.51.129,bs,sb,2024-03-18 02:36:24,1
210.177.195.15,ku,sn,2024-03-18 11:10:53,1
25.24.186.28,ru,dj,2024-03-18 13:12:47,1
138.182.46.166,bo,sl,2024-03-18 01:42:39,1
167.102.171.101,id,mx,2024-03-18 14:16:09,1
172.16.0.1,ps,mt,2024-03-18 05:15:50,2
201.179.22.140,mag,id,2024-03-18 18:57:58,1
12.36.14.239,iu,eg,2024-03-18 02:45:27,1
200.180.143.89,ku,hu,2024-03-18 01:45:04,1
46.191.236.9,hi,hn,2024-03-18 16:44:40,1
128.43.136.253,bg,iq,2024-03-18 23:12:35,1
45.39.96.39,ayc,bo,2024-03-18 04:41:03,1
30.45.8.206,be,uz,2024-03-18 00:38:27,1
13.128.152.121,zu,eg,2024-03-18 03:38:13,1
56.207.165.65,mk,au,2024-03-18 02:57:45,1
58.52.213.152,eo,gh,2024-03-18 10:25:30,1
222.64.207.174,yo,jm,2024-03-18 15:54:28,1
30.66.103.21,el,li,2024-03-18 20:29:03,1
94.39.139.188,kw,dm,2024-03-18 23:49:06,1
163.86.188.115,ts,sv,2024-03-18 19:28:19,1
209.176.20.151,sw,kp,2024-03-18 07:39:12,1
172.16.0.1,ky,sl,2024-03-18 22:55:50,2
104.182.185.91,zh,mu,2024-03-18 05:26:19,1
191.123.203.85,vi,ee,2024-03-18 16:18:03,1
198.14.47.193,tg,ro,2024-03-18 05:14:30,1
210.228.144.155,sa,la,2024-03-18 01:14:49,1
90.164.70.188,eo,jm,2024-03-18 09:27:00,1
43.216.195.179,brx,ad,2024-03-18 05:43:04,1
82.21.204.209,nn,do,2024-03-18 21:35:41,1
112.215.191.203,et,gn,2024-03-18 06:03:39,1
83.70.13.159,sid,ni,2024-03-18 21:57:03,1
142.165.89.76,kn,gh,2024-03-18 11:41:15,1
32.73.148.9,zh,ir,2024-03-18 20:42:38,1
42.143.171.27,am,gm,2024-03-18 12:41:53,1
31.184.42.184,ur,mc,2024-03-18 02:30:37,1
167.155.229.45,hne,dj,2024-03-18 00:17:52,1
185.49.225.132,br,pl,2024-03-18 21:29:51,1
7.45.95.136,cy,ve,2024-03-18 23:32:39,1
211.134.25.225,bs,ne,2024-03-18 19:17:52,1
162.165.21.94,oc,is,2024-03-18 11:52:43,1
136.34.114.25,da,dk,2024-03-18 14:26:24,1
16.103.1.131,pt,li,2024-03-18 02:27:28,1
119.163.185.171,ka,lb,2024-03-18 18:44:50,1
163.110.229.171,sw,gw,2024-03-18 23:58:26,1
47.149.69.213,nb,ag,2024-03-18 10:46:22,1
223.197.143.80,lzh,my,2024-03-18 15:49:58,1
52.5.241.184,ast,br,2024-03-18 20:05:29,1
183.92.220.184,ha,kh,2024-03-18 02:19:23,1
220.39.5.200,hr,st,2024-03-18 07:02:08,1
209.81.167.35,lt,rw,2024-03-18 02:47:13,1
196.63.213.76,doi,za,2024-03-18 01:14:48,1
86.112.202.212,iw,jp,2024-03-18 22:27:38,1
125.180.215.107,en,nr,2024-03-18 05:40:18,1
110.241.51.214,nhn,kw,2024-03-18 02:06:48,1
45.1.94.225,ta,li,2024-03-18 15:47:17,1
160.222.149.99,nr,gw,2024-03-18 20:49:53,1
143.211.6.52,my,er,2024-03-18 07:40:46,1
180.33.118.133,ik,jm,2024-03-18 03:05:32,1
87.110.163.17,gv,uz,2024-03-18 11:04:25,1
164.11.88.73,kn,na,2024-03-18 23:28:07,1
18.225.190.55,iu,tg,2024-03-18 23:38:53,1
172.218.96.144,sv,ae,2024-03-18 23:04:06,1
187.98.126.98,bs,mg,2024-03-18 15:15:36,1
63.77.135.91,ru,pt,2024-03-18 18:58:14,1
71.107.224.237,el,my,2024-03-18 17:17:10,1
198.97.200.83,sl,sr,2024-03-18 21:09:17,1
78.119.246.136,mag,pe,2024-03-18 00:45:19,1
129.176.88.53,uk,mh,2024-03-18 09:48:39,1
118.32.29.130,mni,kh,2024-03-18 18:52:37,1
167.217.40.140,nso,am,2024-03-18 23:35:24,1
173.224.47.112,uk,ye,2024-03-18 14:18:04,1
33.121.174.110,sc,st,2024-03-18 19:11:54,1
10.208.207.151,ayc,ls,2024-03-18 01:39:15,1
145.73.32.151,am,gy,2024-03-18 22:08:14,1
192.43.134.151,hr,ro,2024-03-18 19:18:07,1
207.208.62.77,hu,vu,2024-03-18 02:51:55,1
83.227.120.112,sl,do,2024-03-18 00:28:14,1
151.177.182.239,iw,co,2024-03-18 00:01:33,1
76.131.89.146,ku,tl,2024-03-18 03:35:39,1
106.36.151.198,ro,ua,2024-03-18 01:56:33,1
192.127.42.49,ks,de,2024-03-18 03:53:48,1
98.70.106.157,cv,ie,2024-03-18 10:53:52,1
11.74.217.173,mni,sg,2024-03-18 22:13:56,1
87.160.133.74,mhr,mr,2024-03-18 01:33:43,1
85.203.128.184,sc,dj,2024-03-18 23:50:28,1
59.166.152.65,mi,fr,2024-03-18 03:57:15,1
19.163.240.193,tig,ge,2024-03-18 10:12:08,1
167.137.244.29,sd,lu,2024-03-18 00:47:07,1
23.146.70.234,ml,gm,2024-03-18 23:07:08,1
116.164.78.193,cmn,sy,2024-03-18 03:10:09,1
214.38.129.51,km,bs,2024-03-18 00:07:41,1
9.59.120.128,he,cr,2024-03-18 22:43:02,1
92.106.27.208,da,sk,2024-03-18 01:51:59,1
117.137.198.179,ku,gt,2024-03-18 17:31:41,1
179.98.79.203,lb,st,2024-03-18 20:41:15,1
156.28.161.42,ber,pt,2024-03-18 05:37:04,1
138.206.222.177,ber,rs,2024-03-18 13:14:13,1
37.46.86.6,af,za,2024-03-18 00:26:04,1
83.0.41.156,ak,za,2024-03-18 02:47:02,1
160.151.87.28,en,ru,2024-03-18 14:19:14,1
5.179.18.125,ku,se,2024-03-18 23:56:13,1
142.97.211.41,tk,ne,2024-03-18 07:29:00,1
85.30.52.95,hak,sz,2024-03-18 02:27:49,1
172.16.0.1,de,kh,2024-03-18 02:33:26,2
205.153.39.183,lij,om,2024-03-18 06:35:09,1
47.245.41.192,fil,id,2024-03-18 23:01:22,1
77.73.128.110,hi,pw,2024-03-18 13:14:28,1
197.46.224.105,ha,ls,2024-03-18 22:10:54,1
220.144.105.70,gl,kw,2024-03-18 14:04:11,1
210.224.217.114,ro,lu,2024-03-18 03:42:44,1
220.27.211.158,wae,py,2024-03-18 05:06:21,1
10.78.184.148,pap,jm,2024-03-18 18:37:30,1
40.38.228.253,so,cy,2024-03-18 10:27:12,1
202.120.71.130,lb,ci,2024-03-18 04:45:32,1
83.145.135.143,ur,ki,2024-03-18 19:23:00,1
201.136.53.70,kw,bj,2024-03-18 22:56:40,1
91.177.221.49,szl,za,2024-03-18 09:19:55,1
56.43.213.71,ky,sy,2024-03-18 13:38:16,1
180.142.121.245,el,kr,2024-03-18 02:39:00,1
60.64.227.135,bg,ga,2024-03-18 01:03:41,1
223.76.39.99,hi,cn,2024-03-18 01:40:39,1
153.65.9.248,as,bt,2024-03-18 01:11:33,1
192.168.1.10,niu,hn,2024-03-18 21:00:57,2
129.19.193.199,nr,tm,2024-03-18 13:57:21,1
188.57.34.197,yo,pa,2024-03-18 15:54:45,1
90.219.175.37,it,la,2024-03-18 14:54:10,1
51.88.25.29,fy,so,2024-03-18 19:41:59,1
151.234.25.25,th,jp,2024-03-18 01:17:12,1
140.80.209.85,th,ly,2024-03-18 12:25:42,1
203.195.248.90,id,kg,2024-03-18 15:22:08,1
158.252.113.30,so,at,2024-03-18 01:00:29,1
136.212.181.196,sw,ie,2024-03-18 10:37:57,1
71.155.26.254,or,mz,2024-03-18 23:05:42,1
77.214.225.194,kl,sl,2024-03-18 18:02:41,1
3.53.23.122,fy,pt,2024-03-18 06:02:53,1
160.79.254.177,sq,jm,2024-03-18 22:54:56,1
96.53.36.232,mn,in,2024-03-18 07:59:49,1
6.29.180.253,st,ne,2024-03-18 04:47:12,1
47.236.79.235,el,am,2024-03-18 01:58:06,1
120.133.210.135,mt,ni,2024-03-18 22:10:10,1
92.135.44.246,si,et,2024-03-18 00:30:31,1
203.20.129.186,sd,cu,2024-03-18 12:38:46,1
207.63.226.42,tk,us,2024-03-18 11:40:51,1
25.193.111.6,sa,ar,2024-03-18 16:58:31,1
172.60.27.135,szl,np,2024-03-18 02:11:02,1
107.16.214.233,ht,cl,2024-03-18 09:23:43,1
145.153.88.189,pa,fm,2024-03-18 13:42:01,1
159.226.32.204,uz,do,2024-03-18 20:13:45,1
46.197.124.17,ru,uy,2024-03-18 06:32:17,1
13.151.61.154,nn,ps,2024-03-18 00:12:42,1
189.204.231.62,sv,pl,2024-03-18 00:03:25,1
177.223.205.88,tg,bb,2024-03-18 19:33:47,1
89.189.46.236,yi,us,2024-03-18 16:27:11,1
109.80.155.241,sv,sl,2024-03-18 10:44:11,1
60.185.241.78,hne,de,2024-03-18 16:16:34,1
124.136.21.64,ms,rw,2024-03-18 21:26:13,1
101.111.132.116,cs,hn,2024-03-18 15:22:00,1
214.214.199.105,ckb,ag,2024-03-18 03:02:42,1
54.51.22.103,crh,pe,2024-03-18 14:43:15,1
165.92.152.168,lzh,sg,2024-03-18 02:57:17,1
154.56.105.112,ckb,ir,2024-03-18 05:18:51,1
63.1.177.103,yo,dj,2024-03-18 01:25:58,1
94.72.206.101,bho,tr,2024-03-18 01:03:33,1
138.57.160.86,eo,ee,2024-03-18 14:53:24,1
59.55.73.149,gez,mt,2024-03-18 01:05:08,1
81.100.93.106,zh,pl,2024-03-18 21:52:10,1
197.70.236.139,sat,ug,2024-03-18 07:02:23,1
146.98.238.79,ky,cr,2024-03-18 03:58:35,1
65.217.246.20,bho,sy,2024-03-18 20:46:34,1
12.211.213.203,si,gb,2024-03-18 19:37:59,1
85.128.190.61,pa,au,2024-03-18 15:28:53,1
196.216.170.74,mni,vc,2024-03-18 21:20:04,1
162.96.79.53,ve,ru,2024-03-18 11:45:47,1
2.158.97.240,ml,bj,2024-03-18 12:27:15,1
197.31.2.164,quz,cl,2024-03-18 22:14:35,1
174.9.51.50,nn,ni,2024-03-18 08:07:11,1
28.207.112.210,be,bg,2024-03-18 22:08:34,1
77.83.202.100,lij,cn,2024-03-18 02:57:53,1
7.27.76.117,ps,pt,2024-03-18 02:12:53,1
72.19.53.194,ber,af,2024-03-18 23:27:22,1
101.221.21.164,yue,sy,2024-03-18 01:46:44,1
40.60.189.55,ms,co,2024-03-18 05:22:10,1
211.88.157.186,csb,th,2024-03-18 07:45:01,1
187.159.236.131,ayc,ec,2024-03-18 22:05:06,1
57.81.92.201,bn,mv,2024-03-18 12:50:33,1
144.45.4.152,ve,ht,2024-03-18 14:57:53,1
36.223.203.83,st,cz,2024-03-18 23:12:50,1
10.0.0.5,gu,gb,2024-03-18 23:25:46,2
76.215.80.36,zu,bw,2024-03-18 00:00:18,1
172.16.0.1,om,st,2024-03-18 12:28:26,2
116.187.12.131,lzh,mz,2024-03-18 20:42:05,1
213.111.111.122,lg,cf,2024-03-18 02:46:49,1
217.183.157.186,kok,pa,2024-03-18 01:14:31,1
108.128.125.214,cv,bs,2024-03-18 14:30:30,1
41.179.80.193,lb,me,2024-03-18 02:28:44,1
116.122.36.129,he,gh,2024-03-18 04:38:24,1
26.184.153.67,et,pl,2024-03-18 12:56:14,1
156.31.246.10,st,kn,2024-03-18 13:52:22,1
85.84.185.229,nhn,be,2024-03-18 10:58:47,1
204.225.16.95,wa,mw,2024-03-18 04:35:03,1
20.39.215.252,so,cf,2024-03-18 01:25:54,1
203.135.233.59,sw,za,2024-03-18 07:45:20,1
189.72.48.147,ps,uy,2024-03-18 01:14:22,1
162.216.112.40,th,ch,2024-03-18 00:49:18,1
74.104.90.186,sc,ar,2024-03-18 00:05:10,1
123.47.59.153,sk,se,2024-03-18 11:00:01,1
207.161.235.125,gl,mh,2024-03-18 19:00:08,1
163.234.193.50,cv,cr,2024-03-18 02:25:36,1
42.9.146.236,mni,lv,2024-03-18 23:06:39,1
2.147.81.227,mk,ae,2024-03-18 20:35:46,1
198.114.246.222,lzh,dm,2024-03-18 00:14:07,1
192.168.1.10,it,tw,2024-03-18 01:46:42,2
171.148.173.146,cv,lk,2024-03-18 01:14:15,1
151.89.188.159,ga,tw,2024-03-18 00:33:39,1
33.170.142.144,lij,bz,2024-03-18 15:22:23,1
122.99.87.188,da,sc,2024-03-18 01:52:49,1
203.30.53.240,quz,bs,2024-03-18 00:14:37,1
145.53.73.136,dv,dz,2024-03-18 17:53:18,1
5.123.253.94,tig,id,2024-03-18 03:53:19,1
187.6.27.8,mag,ve,2024-03-18 00:58:42,1
80.143.251.97,ayc,kz,2024-03-18 14:39:08,1
217.252.207.179,hi,tl,2024-03-18 13:36:19,1
43.51.193.192,bo,ch,2024-03-18 01:18:06,1
10.0.0.5,apn,cg,2024-03-18 07:40:11,2
174.19.239.121,hi,il,2024-03-18 01:40:33,1
6.56.34.231,ht,ee,2024-03-18 13:51:38,1
116.172.55.34,ms,ng,2024-03-18 15:42:43,1
44.12.38.168,gez,sc,2024-03-18 19:03:00,1
44.128.125.116,bem,bf,2024-03-18 23:16:36,1
128.131.217.76,mhr,ee,2024-03-18 01:30:21,1
41.227.27.69,sv,be,2024-03-18 00:52:52,1
215.54.55.8,nr,cr,2024-03-18 00:05:58,1
196.152.208.106,os,mv,2024-03-18 12:09:49,1
223.175.33.229,vi,uz,2024-03-18 14:21:06,1
149.147.197.30,mag,al,2024-03-18 21:19:14,1
172.16.0.1,ti,af,2024-03-18 09:13:35,2
141.183.114.173,ber,ki,2024-03-18 16:32:51,1
27.206.91.47,hu,cd,2024-03-18 16:53:18,1
190.159.191.61,hr,na,2024-03-18 23:59:06,1
28.252.58.135,bhb,hu,2024-03-18 10:41:37,1
77.142.59.182,th,es,2024-03-18 11:36:46,1
107.219.136.33,ast,ng,2024-03-18 22:22:52,1
24.116.228.119,de,fj,2024-03-18 16:26:38,1
83.201.240.10,mi,to,2024-03-18 19:17:41,1
16.195.41.105,lzh,ie,2024-03-18 18:32:11,1
100.241.128.48,sat,ly,2024-03-18 13:18:26,1
79.250.214.192,gu,mt,2024-03-18 00:37:38,1
7.21.192.214,cs,lt,2024-03-18 18:27:33,1
90.163.181.151,ff,cr,2024-03-18 01:39:07,1
75.153.167.154,wal,dz,2024-03-18 04:33:53,1
53.56.57.96,nan,sa,2024-03-18 00:15:55,1
34.148.203.95,the,er,2024-03-18 13:29:07,1
123.231.47.61,sq,cm,2024-03-18 18:09:03,1
19.57.143.222,ga,td,2024-03-18 01:23:20,1
192.168.1.10,gl,bi,2024-03-18 02:47:54,2
16.23.171.23,gu,ls,2024-03-18 14:08:29,1
111.13.181.215,be,ls,2024-03-18 06:51:23,1
176.218.211.147,ml,bz,2024-03-18 21:58:42,1
71.110.132.74,ht,kn,2024-03-18 12:22:56,1
192.168.1.10,brx,mr,2024-03-18 04:39:35,2
44.174.197.21,ar,dk,2024-03-18 04:42:17,1
192.168.1.10,de,ch,2024-03-18 08:03:47,2
50.58.115.129,mt,td,2024-03-18 01:21:00,1
139.207.182.162,yi,lk,2024-03-18 21:36:53,1
136.233.8.63,uk,lb,2024-03-18 14:58:08,1
19.121.107.177,or,rw,2024-03-18 02:55:59,1
116.132.51.101,uz,do,2024-03-18 23:53:58,1
80.182.176.199,szl,at,2024-03-18 05:48:59,1
87.148.144.232,oc,vu,2024-03-18 02:42:57,1
5.5.30.111,mk,sg,2024-03-18 01:15:27,1
69.128.117.103,ar,by,2024-03-18 01:53:51,1
179.66.186.242,dv,bb,2024-03-18 14:42:26,1
187.18.159.54,bn,dj,2024-03-18 17:42:05,1
145.54.169.182,sq,sc,2024-03-18 00:50:56,1
168.194.46.83,sat,ht,2024-03-18 02:26:25,1
74.100.45.43,crh,mt,2024-03-18 19:59:24,1
102.37.95.40,sw,ye,2024-03-18 01:24:50,1
219.194.34.87,uk,gd,2024-03-18 14:30:50,1
96.33.36.244,the,bg,2024-03-18 08:46:29,1
123.151.67.186,nds,cd,2024-03-18 10:19:10,1
220.17.218.76,cv,kz,2024-03-18 20:15:11,1
199.109.15.206,ko,qa,2024-03-18 14:18:04,1
101.86.51.128,sa,gt,2024-03-18 16:26:16,1
69.20.209.109,bs,id,2024-03-18 05:55:10,1
54.25.103.174,te,bg,2024-03-18 18:06:11,1
192.137.128.223,bem,eg,2024-03-18 01:13:37,1
27.70.60.98,apn,et,2024-03-18 02:29:39,1
45.103.109.101,km,ua,2024-03-18 00:16:59,1
172.16.0.1,ar,tm,2024-03-18 01:30:55,2
210.76.108.3,ko,gq,2024-03-18 20:41:32,1
72.225.77.56,eu,ie,2024-03-18 21:33:48,1
95.46.108.74,fi,pa,2024-03-18 06:25:53,1
53.235.214.197,dv,cd,2024-03-18 01:22:37,1
95.10.184.139,mg,ci,2024-03-18 19:18:54,1
198.168.88.133,doi,kw,2024-03-18 07:00:49,1
199.39.124.234,kl,bb,2024-03-18 01:52:14,1
172.188.155.181,vi,va,2024-03-18 18:34:24,1
62.251.58.50,zh,et,2024-03-18 05:35:39,1
49.85.158.0,tn,bo,2024-03-18 02:50:30,1
104.141.50.106,fo,py,2024-03-18 17:16:01,1
69.121.157.54,zu,cf,2024-03-18 17:40:31,1
149.157.224.225,sd,th,2024-03-18 01:26:26,1
76.89.13.238,ak,rs,2024-03-18 02:25:25,1
192.168.1.10,sl,au,2024-03-18 12:27:55,2
192.168.1.10,ne,es,2024-03-18 01:28:10,2
13.140.37.27,fil,om,2024-03-18 19:07:13,1
20.210.126.82,ky,cy,2024-03-18 17:51:09,1
153.37.90.202,fil,mz,2024-03-18 09:42:55,1
195.240.184.246,aa,bz,2024-03-18 04:29:07,1
210.100.61.137,ml,sg,2024-03-18 09:17:30,1
178.176.12.94,nan,es,2024-03-18 23:29:22,1
36.33.107.147,mni,ua,2024-03-18 02:02:34,1
61.229.74.17,ff,bg,2024-03-18 16:32:12,1
65.43.130.70,tig,lk,2024-03-18 16:08:56,1
122.56.77.129,shs,zw,2024-03-18 03:39:46,1
138.231.199.4,hak,tj,2024-03-18 12:32:11,1
177.251.137.254,ast,sm,2024-03-18 11:48:44,1
201.11.111.113,tig,ca,2024-03-18 13:29:20,1
7.118.244.95,mn,bt,2024-03-18 10:16:47,1
152.206.179.1,dz,mx,2024-03-18 12:43:26,1
154.225.28.239,wo,lu,2024-03-18 04:19:25,1
56.73.252.237,mg,lk,2024-03-18 08:02:21,1
159.115.8.93,ne,so,2024-03-18 14:09:48,1
197.130.217.108,raj,ht,2024-03-18 06:16:00,1
122.248.195.95,cy,cr,2024-03-18 09:19:33,1
207.211.25.158,pt,by,2024-03-18 09:22:06,1
37.3.49.214,tt,ag,2024-03-18 16:44:42,1
36.62.71.80,doi,nl,2024-03-18 14:32:10,1
33.234.116.178,sd,tz,2024-03-18 07:18:02,1
187.76.232.1,wo,km,2024-03-18 18:53:59,1
177.15.217.175,ku,bw,2024-03-18 08:19:23,1
211.250.17.66,as,tz,2024-03-18 02:50:29,1
163.118.236.208,lij,rw,2024-03-18 09:14:54,1
193.171.112.136,brx,bw,2024-03-18 21:38:44,1
70.140.94.135,wa,fr,2024-03-18 13:29:16,1
118.224.116.254,ps,pa,2024-03-18 01:26:26,1
62.31.232.233,id,za,2024-03-18 02:29:22,1
109.186.45.141,ur,ki,2024-03-18 00:30:36,1
119.181.215.194,mk,za,2024-03-18 07:04:45,1
141.13.131.95,apn,ci,2024-03-18 02:02:47,1
112.18.139.31,wa,mu,2024-03-18 06:04:20,1
176.32.48.109,fur,pg,2024-03-18 17:37:17,1
36.240.84.106,pt,sk,2024-03-18 01:50:32,1
52.63.165.119,tk,ws,2024-03-18 15:26:00,1
168.146.196.243,xh,il,2024-03-18 05:46:22,1
178.239.206.133,ky,gy,2024-03-18 11:01:38,1
118.0.64.237,lzh,ee,2024-03-18 10:00:47,1
83.195.38.141,an,tn,2024-03-18 01:57:10,1
201.226.3.163,ru,bd,2024-03-18 00:34:22,1
22.199.85.113,fil,fj,2024-03-18 06:33:14,1
118.221.167.36,shs,th,2024-03-18 05:14:40,1
42.37.217.241,ka,mc,2024-03-18 05:12:04,1
150.111.27.91,my,bt,2024-03-18 02:33:28,1
192.168.1.10,th,mw,2024-03-18 12:49:36,2
67.27.255.30,fy,pa,2024-03-18 00:14:19,1
77.55.67.17,an,dk,2024-03-18 21:42:35,1
135.81.171.6,ss,de,2024-03-18 20:15:07,1
84.174.68.203,ja,kz,2024-03-18 00:52:03,1
139.85.159.73,mni,sl,2024-03-18 07:52:49,1
90.75.195.99,tr,td,2024-03-18 19:10:21,1
146.204.252.151,ps,ba,2024-03-18 15:44:01,1
111.1.139.23,bem,uz,2024-03-18 10:56:28,1
120.162.107.26,ts,zw,2024-03-18 17:43:55,1
45.20.183.221,ca,cz,2024-03-18 02:55:33,1
209.203.159.240,hu,eg,2024-03-18 22:03:46,1
57.75.252.109,mag,ci,2024-03-18 11:27:53,1
69.147.233.16,or,ly,2024-03-18 00:11:38,1
58.220.142.228,ur,gb,2024-03-18 13:35:45,1
193.232.96.48,mi,st,2024-03-18 00:53:08,1
57.180.79.58,mt,in,2024-03-18 07:10:06,1
221.23.23.80,fur,jp,2024-03-18 01:49:58,1
60.135.71.138,bho,ro,2024-03-18 21:40:43,1
38.60.85.41,kk,cm,2024-03-18 00:20:45,1
201.137.156.230,ast,eg,2024-03-18 00:37:11,1
192.168.1.10,nso,hn,2024-03-18 15:03:26,2
30.178.181.185,tl,va,2024-03-18 09:38:23,1
61.106.176.127,the,bh,2024-03-18 12:00:55,1
202.18.245.51,es,be,2024-03-18 13:19:49,1
43.148.253.55,gv,gw,2024-03-18 18:40:49,1
60.121.43.184,om,kp,2024-03-18 00:28:28,1
213.101.79.155,rw,fj,2024-03-18 00:26:39,1
222.164.157.191,mg,by,2024-03-18 02:45:00,1
88.220.19.40,wae,qa,2024-03-18 15:23:48,1
116.167.81.179,gez,kp,2024-03-18 02:56:24,1
89.105.0.8,doi,au,2024-03-18 07:34:00,1
136.88.108.199,gu,hr,2024-03-18 12:15:17,1
118.73.33.247,nso,ke,2024-03-18 04:32:06,1
2.182.195.18,mt,mz,2024-03-18 06:23:39,1
154.99.158.200,mt,az,2024-03-18 18:52:38,1
11.86.72.15,yi,mm,2024-03-18 00:12:20,1
110.221.235.252,ss,az,2024-03-18 07:52:58,1
13.237.248.168,nhn,cr,2024-03-18 01:45:22,1
3.240.57.188,sw,lc,2024-03-18 02:08:47,1
216.100.225.84,mn,vc,2024-03-18 02:29:29,1
211.62.46.94,niu,zw,2024-03-18 11:35:09,1
193.10.12.183,shs,vu,2024-03-18 23:58:43,1
183.152.153.78,cmn,ph,2024-03-18 19:53:37,1
197.39.250.29,gv,fi,2024-03-18 13:14:23,1
183.204.52.77,nan,mm,2024-03-18 01:32:12,1
207.55.170.104,af,lb,2024-03-18 20:04:17,1
85.226.69.144,sd,my,2024-03-18 15:38:50,1
185.98.175.135,doi,lt,2024-03-18 02:33:33,1
117.133.168.194,bn,ls,2024-03-18 06:21:54,1
24.86.128.45,ka,cy,2024-03-18 21:28:10,1
97.96.129.171,li,tm,2024-03-18 00:36:43,1
31.162.209.233,tn,mm,2024-03-18 07:06:25,1
196.105.33.193,ml,kp,2024-03-18 16:37:36,1
51.217.92.174,kw,ga,2024-03-18 11:29:35,1
47.117.243.222,am,km,2024-03-18 23:10:31,1
51.252.1.203,raj,mc,2024-03-18 01:17:55,1
212.186.168.238,mni,bb,2024-03-18 21:46:30,1
114.89.156.217,wa,dm,2024-03-18 11:13:17,1
135.250.159.80,ku,mw,2024-03-18 20:29:19,1
193.2.142.137,th,pw,2024-03-18 07:08:32,1
147.230.181.4,cy,ml,2024-03-18 01:17:21,1
16.205.235.247,hsb,km,2024-03-18 22:03:01,1
183.192.166.32,fi,ve,2024-03-18 04:39:26,1
74.25.21.189,byn,iq,2024-03-18 11:18:03,1
63.17.204.158,gd,ie,2024-03-18 05:41:29,1
51.251.143.143,ha,dk,2024-03-18 01:24:26,1
19.171.222.174,byn,td,2024-03-18 02:26:30,1
68.233.32.168,ms,gt,2024-03-18 10:00:25,1
178.230.7.103,vi,ws,2024-03-18 20:30:12,1
85.21.190.165,mr,ly,2024-03-18 00:52:49,1
48.99.255.10,ru,il,2024-03-18 02:38:23,1
198.81.7.61,fy,bb,2024-03-18 00:14:19,1
30.3.49.157,ps,mc,2024-03-18 01:02:31,1
79.146.152.109,lo,et,2024-03-18 22:45:46,1
11.161.52.102,ne,cn,2024-03-18 03:47:52,1
133.51.113.181,ta,tl,2024-03-18 01:56:14,1
60.18.48.67,xh,bb,2024-03-18 19:19:12,1
34.248.210.149,szl,nl,2024-03-18 23:29:37,1
84.86.129.53,ku,cg,2024-03-18 09:46:14,1
81.141.187.96,ckb,tj,2024-03-18 16:59:09,1
193.132.26.119,rw,cf,2024-03-18 01:46:17,1
184.212.24.78,lt,ug,2024-03-18 15:52:03,1
98.69.62.110,te,ws,2024-03-18 09:43:43,1
109.65.187.36,fr,ws,2024-03-18 00:00:55,1
172.16.0.1,ln,mn,2024-03-18 06:30:38,2
70.49.81.81,lzh,td,2024-03-18 09:04:45,1
48.145.54.54,ug,vn,2024-03-18 19:13:07,1
218.87.63.80,ig,tj,2024-03-18 12:41:49,1
171.194.110.136,nds,iq,2024-03-18 21:12:02,1
64.40.230.205,nso,pe,2024-03-18 04:31:29,1
150.251.238.91,wal,mr,2024-03-18 10:51:00,1
90.109.227.139,kn,to,2024-03-18 13:42:59,1
30.250.127.10,it,ws,2024-03-18 02:52:36,1
63.168.179.225,el,by,2024-03-18 11:27:30,1
166.110.14.205,ber,mv,2024-03-18 08:43:22,1
147.220.79.58,ha,ie,2024-03-18 01:26:28,1
97.5.70.123,shs,cg,2024-03-18 00:22:00,1
8.146.181.197,az,ki,2024-03-18 00:36:48,1
3.66.15.30,he,bd,2024-03-18 22:35:08,1
153.72.93.127,gd,bn,2024-03-18 22:16:29,1
166.62.184.12,be,bt,2024-03-18 22:04:42,1
37.42.162.8,hr,ru,2024-03-18 12:02:23,1
98.206.45.75,xh,az,2024-03-18 00:58:38,1
209.125.10.238,bs,fj,2024-03-18 13:08:12,1
116.83.243.255,fur,sn,2024-03-18 21:29:34,1
37.49.20.95,iu,to,2024-03-18 02:25:49,1
213.159.175.79,gv,ar,2024-03-18 21:09:21,1
148.152.83.192,an,nl,2024-03-18 23:43:12,1
105.160.184.79,fr,vu,2024-03-18 15:23:22,1
193.26.48.198,it,no,2024-03-18 03:49:17,1
155.27.2.33,en,cz,2024-03-18 15:38:10,1
73.184.134.49,ks,cr,2024-03-18 21:56:36,1
199.237.86.71,ig,bt,2024-03-18 11:23:35,1
120.205.135.253,ik,vc,2024-03-18 02:55:33,1
74.254.211.138,om,jo,2024-03-18 05:00:25,1
18.242.220.164,lb,hu,2024-03-18 10:38:27,1
175.57.94.36,ro,np,2024-03-18 01:48:46,1
22.54.24.248,sq,jm,2024-03-18 14:30:33,1
223.188.49.130,szl,ml,2024-03-18 02:09:26,1
4.96.251.217,ve,mr,2024-03-18 01:36:29,1
19.171.28.242,ckb,es,2024-03-18 12:24:32,1
83.41.72.57,is,sn,2024-03-18 00:59:27,1
75.175.6.49,cs,mh,2024-03-18 14:51:02,1
181.20.36.250,pl,si,2024-03-18 03:04:19,1
96.34.172.232,mr,ls,2024-03-18 17:14:02,1
129.102.162.193,ne,id,2024-03-18 03:39:00,1
29.39.237.87,lg,vc,2024-03-18 12:01:23,1
7.224.7.80,zh,ly,2024-03-18 01:27:47,1
120.130.42.184,sd,tg,2024-03-18 11:13:16,1
192.168.1.10,de,sm,2024-03-18 00:31:53,2
147.39.232.170,fy,ci,2024-03-18 00:29:35,1
216.202.59.208,bn,tv,2024-03-18 07:30:47,1
67.163.35.34,ha,ec,2024-03-18 00:23:50,1
48.47.114.193,ckb,de,2024-03-18 05:19:59,1
45.113.88.252,ckb,si,2024-03-18 00:58:43,1
131.80.59.235,ve,pk,2024-03-18 04:23:16,1
140.44.103.209,tt,cy,2024-03-18 01:01:41,1
10.0.0.5,ast,ve,2024-03-18 02:26:32,2
66.93.175.46,as,ee,2024-03-18 02:19:13,1
34.66.77.123,nds,dz,2024-03-18 00:37:12,1
65.30.89.127,fur,iq,2024-03-18 00:04:46,1
198.217.228.216,hr,sz,2024-03-18 14:12:03,1
196.31.151.191,st,pk,2024-03-18 10:14:04,1
77.107.164.239,br,tm,2024-03-18 02:50:34,1
76.43.2.11,dv,bb,2024-03-18 00:40:34,1
69.121.7.251,tl,kg,2024-03-18 18:32:57,1
54.211.104.128,dv,ma,2024-03-18 00:44:13,1
155.75.103.55,sid,cy,2024-03-18 06:14:07,1
14.96.207.202,br,ch,2024-03-18 17:07:00,1
57.185.167.26,sid,tm,2024-03-18 13:17:15,1
30.202.54.72,bg,fj,2024-03-18 01:04:05,1
161.76.43.203,aa,mz,2024-03-18 23:18:25,1
53.221.167.68,uk,bj,2024-03-18 15:47:11,1
8.230.89.30,ky,ly,2024-03-18 01:15:34,1
79.17.127.238,brx,pe,2024-03-18 11:45:13,1
169.174.145.96,nso,cr,2024-03-18 01:35:44,1
76.236.130.172,tig,cg,2024-03-18 01:16:09,1
192.168.1.10,yi,jp,2024-03-18 04:05:29,2
107.152.77.224,cs,pw,2024-03-18 10:05:00,1
3.239.110.167,am,de,2024-03-18 23:38:11,1
3.103.251.185,cs,si,2024-03-18 07:14:54,1
132.40.52.74,apn,vn,2024-03-18 01:29:42,1
119.174.143.102,lij,ee,2024-03-18 07:06:49,1
29.100.255.63,sa,us,2024-03-18 15:05:35,1
9.88.220.11,fi,sl,2024-03-18 15:08:41,1
202.95.220.185,nl,ni,2024-03-18 13:25:01,1
131.79.173.195,mn,dm,2024-03-18 09:43:39,1
16.44.180.238,zh,al,2024-03-18 00:23:41,1
8.81.56.120,hu,tm,2024-03-18 11:37:48,1
88.20.32.83,ht,sz,2024-03-18 02:23:19,1
214.208.211.111,mhr,de,2024-03-18 11:08:00,1
178.192.0.105,sk,km,2024-03-18 00:17:44,1
213.64.42.49,quz,lt,2024-03-18 10:21:08,1
192.168.1.10,fur,dz,2024-03-18 18:20:01,2
68.158.150.24,bn,sr,2024-03-18 11:34:05,1
189.149.7.169,oc,pw,2024-03-18 10:00:43,1
72.42.32.213,doi,fj,2024-03-18 21:45:43,1
156.84.44.19,apn,sy,2024-03-18 13:30:47,1
122.180.245.161,nb,pa,2024-03-18 01:29:33,1
176.4.241.65,bem,tr,2024-03-18 12:41:34,1
163.83.74.218,ht,sl,2024-03-18 23:49:40,1
205.195.213.7,doi,lk,2024-03-18 19:26:02,1
77.229.144.108,fur,in,2024-03-18 17:27:53,1
117.243.132.214,an,mu,2024-03-18 15:42:14,1
172.68.215.254,ga,na,2024-03-18 20:09:50,1
22.136.86.134,mg,ph,2024-03-18 03:43:39,1
175.231.219.90,shs,mv,2024-03-18 21:50:12,1
123.141.142.142,fur,no,2024-03-18 21:13:32,1
192.168.1.10,wo,mg,2024-03-18 16:39:55,2
38.92.114.224,ne,gb,2024-03-18 16:04:17,1
61.231.15.77,sd,ly,2024-03-18 06:56:20,1
89.104.220.220,bs,bj,2024-03-18 07:23:35,1
151.145.170.114,sl,bt,2024-03-18 13:08:01,1
47.246.40.99,se,ru,2024-03-18 14:31:54,1
112.85.201.71,gd,ge,2024-03-18 04:04:32,1
125.110.198.234,ce,mk,2024-03-18 10:38:06,1
93.209.12.125,bem,so,2024-03-18 03:41:50,1
83.171.142.35,quz,hu,2024-03-18 05:52:08,1
123.127.187.37,mt,sz,2024-03-18 20:00:52,1
147.25.214.63,bs,by,2024-03-18 02:05:20,1
59.73.179.62,csb,mt,2024-03-18 06:47:38,1
78.194.100.143,quz,gy,2024-03-18 18:32:26,1
142.238.29.82,ur,gt,2024-03-18 01:26:52,1
222.38.183.242,lt,bo,2024-03-18 23:06:53,1
54.206.34.138,uk,sy,2024-03-18 00:13:18,1
134.48.121.54,ko,ag,2024-03-18 18:33:50,1
5.51.191.116,the,iq,2024-03-18 07:44:02,1
116.87.240.21,kl,br,2024-03-18 17:31:16,1
35.6.166.93,ln,bj,2024-03-18 14:32:20,1
146.80.156.38,my,fi,2024-03-18 21:58:29,1
27.52.219.13,ber,gd,2024-03-18 12:49:23,1
139.54.90.193,ps,hn,2024-03-18 23:30:55,1
146.102.100.68,hsb,ve,2024-03-18 01:21:35,1
197.87.246.243,sk,uy,2024-03-18 20:56:36,1
60.105.169.154,gu,nz,2024-03-18 01:03:16,1
45.179.138.192,unm,bo,2024-03-18 00:18:13,1
207.173.217.8,iu,fj,2024-03-18 00:14:35,1
41.178.52.144,wal,br,2024-03-18 21:26:33,1
202.229.50.248,om,be,2024-03-18 09:57:57,1
73.221.60.101,om,sb,2024-03-18 00:22:50,1
92.147.179.121,et,lb,2024-03-18 18:44:01,1
84.217.252.249,mhr,ve,2024-03-18 23:48:00,1
85.30.244.102,br,lr,2024-03-18 14:09:36,1
70.227.26.132,doi,th,2024-03-18 17:51:24,1
143.241.97.42,or,sn,2024-03-18 00:35:41,1
37.141.42.123,dz,ba,2024-03-18 02:41:19,1
222.0.122.246,bho,tg,2024-03-18 18:55:26,1
162.223.53.149,st,ni,2024-03-18 17:34:18,1
135.139.97.220,ur,va,2024-03-18 05:51:49,1
34.94.26.112,csb,cz,2024-03-18 04:10:56,1
122.178.151.109,bg,iq,2024-03-18 02:05:41,1
47.118.167.213,ti,cm,2024-03-18 13:12:22,1
54.44.240.140,ts,br,2024-03-18 01:58:24,1
17.18.59.158,da,it,2024-03-18 21:03:08,1
210.223.95.45,mt,uz,2024-03-18 12:26:20,1
91.215.208.242,tg,qa,2024-03-18 05:17:38,1
197.131.39.243,ber,pw,2024-03-18 01:48:06,1
174.71.200.152,mt,sv,2024-03-18 13:41:28,1
184.98.112.221,ber,py,2024-03-18 03:00:17,1
205.197.132.65,mn,rs,2024-03-18 11:42:36,1
216.116.96.220,nds,tl,2024-03-18 23:37:21,1
158.197.191.95,ckb,bz,2024-03-18 16:36:58,1
87.134.181.221,or,bd,2024-03-18 20:29:07,1
87.38.44.2,so,ws,2024-03-18 16:55:48,1
17.102.248.103,raj,ir,2024-03-18 14:53:09,1
33.204.208.217,ky,lr,2024-03-18 07:27:33,1
38.59.32.78,tt,bb,2024-03-18 18:17:20,1
16.147.19.240,bo,bh,2024-03-18 05:33:28,1
41.0.59.13,hak,bf,2024-03-18 02:30:21,1
16.35.141.85,be,am,2024-03-18 00:46:37,1
4.160.151.72,ia,mr,2024-03-18 03:15:40,1
75.255.209.194,sd,mx,2024-03-18 00:14:06,1
148.155.116.8,dz,se,2024-03-18 19:49:20,1
174.21.26.140,en,ga,2024-03-18 06:18:39,1
10.0.0.5,bs,gy,2024-03-18 11:01:31,2
7.78.133.125,lt,va,2024-03-18 06:27:17,1
4.141.36.143,sa,bj,2024-03-18 14:16:42,1
131.42.159.121,so,so,2024-03-18 11:35:52,0
20.87.237.71,eu,cd,2024-03-18 20:12:07,1
158.219.175.2,ks,ht,2024-03-18 22:40:01,1
47.241.169.205,nhn,to,2024-03-18 14:14:20,1
157.101.0.14,nr,bh,2024-03-18 17:50:39,1
208.156.148.154,ms,ge,2024-03-18 14:21:46,1
105.148.205.161,shs,mz,2024-03-18 00:47:08,1
25.110.239.143,el,mk,2024-03-18 22:31:12,1
155.212.80.168,fo,sg,2024-03-18 02:08:14,1
222.222.108.184,hne,ga,2024-03-18 09:36:04,1
136.179.193.54,ko,vu,2024-03-18 00:05:53,1
92.190.137.6,lg,rs,2024-03-18 03:53:21,1
153.170.22.92,wal,ee,2024-03-18 04:34:51,1
84.248.84.108,lv,ad,2024-03-18 20:04:19,1
87.129.225.10,tg,dk,2024-03-18 08:53:40,1
33.152.43.57,gl,ca,2024-03-18 01:48:39,1
131.36.85.41,dv,kh,2024-03-18 17:55:07,1
186.188.148.126,fur,sz,2024-03-18 01:54:33,1
67.136.200.20,kn,ly,2024-03-18 01:47:57,1
95.148.187.209,dv,zw,2024-03-18 02:03:40,1
172.16.0.1,szl,mm,2024-03-18 02:04:20,2
173.105.3.248,sq,tl,2024-03-18 16:42:49,1
33.248.99.234,ks,tz,2024-03-18 02:40:38,1
171.134.232.232,oc,ci,2024-03-18 00:01:26,1
212.96.151.118,yi,de,2024-03-18 01:27:52,1
138.4.44.196,nn,la,2024-03-18 21:23:19,1
188.148.126.254,ln,ga,2024-03-18 01:26:08,1
123.58.202.245,ml,ar,2024-03-18 04:36:34,1
17.94.144.122,hsb,td,2024-03-18 22:22:52,1
113.58.189.48,nb,mk,2024-03-18 01:40:03,1
105.159.26.178,tig,ph,2024-03-18 16:02:58,1
133.206.23.243,fo,cf,2024-03-18 07:42:00,1
99.65.45.170,gu,tw,2024-03-18 11:20:15,1
206.116.234.9,tig,co,2024-03-18 10:37:03,1
181.78.98.180,vi,ee,2024-03-18 04:53:24,1
129.215.28.192,sr,gn,2024-03-18 01:25:10,1
51.96.135.183,fr,ci,2024-03-18 09:18:42,1
141.61.45.141,kk,ly,2024-03-18 02:48:10,1
198.231.215.198,cy,lv,2024-03-18 08:17:18,1
217.148.195.148,fr,ng,2024-03-18 00:56:14,1
69.251.101.92,kok,kr,2024-03-18 05:06:35,1
63.158.32.42,cs,tm,2024-03-18 10:46:57,1
30.252.200.148,is,gr,2024-03-18 17:05:51,1
184.174.81.253,brx,ae,2024-03-18 08:01:53,1
63.138.192.55,bem,sv,2024-03-18 23:05:21,1
176.63.252.173,apn,cv,2024-03-18 16:06:51,1
39.177.132.57,tcy,ht,2024-03-18 01:26:03,1
90.135.189.47,mr,lb,2024-03-18 22:54:59,1
217.60.78.247,apn,ke,2024-03-18 04:28:41,1
218.4.120.65,sr,tm,2024-03-18 00:14:51,1
153.236.93.124,cv,jo,2024-03-18 05:09:46,1
106.123.16.206,mg,hr,2024-03-18 19:18:33,1
206.105.24.58,es,fm,2024-03-18 01:43:52,1
25.186.112.2,se,in,2024-03-18 13:49:25,1
172.16.0.1,cmn,ro,2024-03-18 01:28:43,2
202.133.73.99,hne,ke,2024-03-18 11:41:41,1
157.213.183.6,ta,mg,2024-03-18 11:24:59,1
129.0.183.64,sid,mh,2024-03-18 18:24:15,1
200.8.27.55,nso,kg,2024-03-18 11:51:09,1
217.7.84.169,ml,si,2024-03-18 02:32:07,1
114.100.177.243,ga,az,2024-03-18 01:13:09,1
71.190.0.175,ja,ne,2024-03-18 19:45:38,1
158.39.233.159,bem,me,2024-03-18 01:34:55,1
187.144.182.43,szl,tr,2024-03-18 17:21:32,1
43.82.162.163,csb,tt,2024-03-18 15:24:17,1
163.228.142.79,niu,mr,2024-03-18 04:13:38,1
1.84.119.55,hsb,ru,2024-03-18 17:53:32,1
142.174.114.227,fr,se,2024-03-18 01:44:17,1
170.14.221.226,et,bz,2024-03-18 23:19:25,1
154.253.71.184,tt,mm,2024-03-18 10:33:54,1
55.90.60.146,th,sy,2024-03-18 04:09:24,1
66.227.106.49,hy,mw,2024-03-18 03:41:20,1
172.16.0.1,my,is,2024-03-18 09:18:32,2
23.89.170.88,af,zw,2024-03-18 18:39:05,1
214.219.230.129,quz,gn,2024-03-18 01:39:30,1
192.168.1.10,kl,lu,2024-03-18 04:36:31,2
120.42.29.81,lt,bd,2024-03-18 00:04:23,1
105.212.169.164,tg,sn,2024-03-18 13:51:41,1
161.123.235.70,bho,eg,2024-03-18 17:44:09,1
85.11.202.94,ta,tj,2024-03-18 09:00:19,1
10.0.0.5,lt,bb,2024-03-18 21:13:00,2
83.151.225.91,lzh,mx,2024-03-18 21:57:17,1
172.16.0.1,gl,ba,2024-03-18 09:21:07,2
151.64.48.247,ckb,gt,2024-03-18 01:20:24,1
133.254.196.230,sq,no,2024-03-18 23:57:49,1
62.136.224.12,ms,gy,2024-03-18 21:26:50,1
73.135.158.161,mai,et,2024-03-18 13:35:28,1
10.145.196.107,fr,mg,2024-03-18 15:46:11,1
216.144.133.27,quz,eg,2024-03-18 05:38:30,1
82.69.158.68,tl,ki,2024-03-18 08:01:05,1
193.17.207.130,wa,me,2024-03-18 12:29:22,1
41.255.9.184,be,ni,2024-03-18 15:54:14,1
83.203.39.188,hi,vn,2024-03-18 09:42:49,1
85.101.7.246,fa,ae,2024-03-18 05:19:00,1
85.105.156.116,ber,om,2024-03-18 20:00:36,1
100.222.80.36,fy,ni,2024-03-18 02:58:21,1
65.196.89.228,ff,fj,2024-03-18 04:10:34,1
13.197.42.7,bo,sy,2024-03-18 08:28:05,1
44.218.17.120,el,gn,2024-03-18 21:57:01,1
15.248.125.235,sl,zm,2024-03-18 02:42:42,1
101.67.36.129,rw,zw,2024-03-18 02:09:11,1
223.233.114.93,ha,pt,2024-03-18 13:31:17,1
141.174.217.114,ak,kz,2024-03-18 00:39:22,1
28.12.53.129,ga,ec,2024-03-18 11:30:51,1
66.148.122.157,ja,sk,2024-03-18 14:21:41,1
61.74.160.136,hy,sd,2024-03-18 00:50:56,1
130.179.220.57,bo,bn,2024-03-18 03:10:52,1
166.217.222.207,ts,kh,2024-03-18 07:51:46,1
198.111.15.56,gd,cl,2024-03-18 05:05:25,1
36.238.225.77,ku,bj,2024-03-18 06:57:49,1
159.246.170.214,az,td,2024-03-18 01:34:55,1
29.98.5.73,ht,ec,2024-03-18 23:38:03,1
195.102.176.223,te,sg,2024-03-18 12:57:51,1
129.29.238.93,ce,ne,2024-03-18 00:01:56,1
146.238.229.156,is,qa,2024-03-18 12:47:22,1
100.53.131.136,fi,sr,2024-03-18 02:26:47,1
1.0.160.241,fil,tn,2024-03-18 19:43:57,1
42.111.240.60,ak,sz,2024-03-18 16:45:19,1
17.177.46.71,apn,cf,2024-03-18 11:59:20,1
2.94.39.70,lb,il,2024-03-18 21:02:49,1
103.241.199.220,sd,zw,2024-03-18 22:21:56,1
161.202.104.107,hr,ar,2024-03-18 22:28:49,1
174.53.143.23,bn,kp,2024-03-18 07:57:39,1
172.16.0.1,tg,in,2024-03-18 02:32:40,2
172.16.0.1,vi,mu,2024-03-18 17:06:45,2
31.51.63.191,ja,ne,2024-03-18 20:44:11,1
136.147.103.53,li,is,2024-03-18 07:20:28,1
177.170.54.94,sd,th,2024-03-18 15:44:57,1
173.103.193.206,ne,in,2024-03-18 05:27:53,1
10.0.0.5,mhr,sb,2024-03-18 20:20:27,2
82.228.67.250,ce,pk,2024-03-18 03:26:14,1
210.249.81.17,mag,td,2024-03-18 02:05:57,1
63.24.132.121,ks,sz,2024-03-18 01:55:14,1
74.202.48.174,byn,sr,2024-03-18 08:43:53,1
109.174.63.137,sw,cy,2024-03-18 02:43:43,1
10.0.0.5,ml,bb,2024-03-18 16:55:08,2
148.142.48.103,lb,dj,2024-03-18 02:33:18,1
108.117.220.183,mhr,na,2024-03-18 06:32:51,1
143.58.185.185,gv,lc,2024-03-18 08:53:24,1
21.232.77.200,om,zm,2024-03-18 20:42:26,1
20.13.54.252,om,kw,2024-03-18 13:43:13,1
63.177.88.115,bo,nl,2024-03-18 10:37:37,1
175.126.59.138,eo,py,2024-03-18 02:06:10,1
171.84.56.255,bn,se,2024-03-18 03:38:42,1
50.107.58.54,dv,rs,2024-03-18 11:01:06,1
173.160.154.62,mhr,cy,2024-03-18 23:00:35,1
118.100.226.166,bo,gn,2024-03-18 05:44:06,1
142.167.54.133,ht,id,2024-03-18 07:04:20,1
141.228.39.29,nl,co,2024-03-18 21:58:12,1
34.155.25.30,da,cn,2024-03-18 17:00:21,1
167.186.112.89,mg,mh,2024-03-18 01:54:22,1
4.216.126.204,mk,fj,2024-03-18 14:05:30,1
45.226.169.128,ln,mz,2024-03-18 18:41:12,1
92.128.50.139,ha,ml,2024-03-18 02:50:18,1
91.231.173.6,de,np,2024-03-18 14:18:32,1
114.47.30.155,or,co,2024-03-18 00:00:02,1
29.165.153.90,iw,is,2024-03-18 21:45:17,1
172.16.0.1,sk,fi,2024-03-18 11:21:21,2
203.8.92.245,mn,gb,2024-03-18 08:46:57,1
94.180.106.138,hne,dz,2024-03-18 10:47:43,1
153.71.5.121,pa,uz,2024-03-18 10:19:09,1
52.174.255.169,tt,md,2024-03-18 19:21:26,1
129.149.77.156,hi,mx,2024-03-18 02:58:27,1
161.220.78.116,as,ng,2024-03-18 09:23:59,1
14.104.30.135,shs,la,2024-03-18 19:09:34,1
39.66.63.41,lzh,na,2024-03-18 00:36:21,1
49.233.122.89,iw,ws,2024-03-18 16:54:29,1
87.160.135.193,et,si,2024-03-18 00:54:59,1
126.6.215.131,tg,hr,2024-03-18 02:18:39,1
106.75.68.36,el,sb,2024-03-18 18:06:55,1
146.121.190.7,fi,cg,2024-03-18 00:09:04,1
36.101.150.249,shs,pa,2024-03-18 00:22:42,1
58.246.115.71,crh,vu,2024-03-18 20:18:50,1
158.151.2.115,fr,mu,2024-03-18 01:03:27,1
133.163.238.184,gez,mn,2024-03-18 01:40:16,1
206.43.108.219,da,es,2024-03-18 21:37:48,1
222.33.162.57,bo,ye,2024-03-18 02:55:57,1
18.227.163.57,fa,us,2024-03-18 12:20:03,1
57.168.121.68,zh,sy,2024-03-18 02:08:42,1
97.60.253.83,ka,kh,2024-03-18 01:25:25,1
213.43.31.155,gd,ec,2024-03-18 13:07:25,1
137.18.209.31,gd,mw,2024-03-18 13:17:12,1
182.55.38.192,iu,by,2024-03-18 23:25:57,1
79.235.165.61,ru,af,2024-03-18 20:14:18,1
81.126.218.56,hne,pt,2024-03-18 07:45:46,1
24.113.164.29,bem,fm,2024-03-18 21:16:57,1
210.141.181.212,fo,to,2024-03-18 02:30:31,1
167.239.21.71,eo,de,2024-03-18 10:30:59,1
196.238.201.129,ms,za,2024-03-18 21:51:42,1
210.79.140.236,bho,pk,2024-03-18 03:52:26,1
18.109.122.248,am,eg,2024-03-18 14:08:20,1
176.5.3.203,kn,sv,2024-03-18 07:58:31,1
84.24.15.246,mg,tz,2024-03-18 01:38:38,1
35.194.137.114,sl,am,2024-03-18 07:20:40,1
77.93.217.177,is,dk,2024-03-18 04:35:08,1
85.181.23.152,bem,gq,2024-03-18 02:34:02,1
3.90.30.125,it,al,2024-03-18 03:51:00,1
186.103.189.34,lzh,cu,2024-03-18 05:40:53,1
22.214.17.38,et,be,2024-03-18 15:43:59,1
189.74.206.227,yo,bg,2024-03-18 14:10:52,1
84.163.38.220,sat,ge,2024-03-18 21:21:17,1
81.81.222.76,id,er,2024-03-18 02:35:22,1
131.73.234.77,ja,tm,2024-03-18 11:42:55,1
160.183.119.6,raj,mv,2024-03-18 01:26:09,1
166.155.179.233,oc,mg,2024-03-18 05:03:54,1
97.115.14.63,ve,dz,2024-03-18 10:07:25,1
36.166.45.109,kl,bz,2024-03-18 00:54:58,1
154.169.129.234,nr,qa,2024-03-18 20:48:50,1
206.67.212.69,lv,es,2024-03-18 00:02:10,1
14.119.249.106,aa,qa,2024-03-18 02:14:33,1
81.17.232.207,my,ad,2024-03-18 03:39:10,1
48.40.151.93,os,vn,2024-03-18 02:29:37,1
176.138.114.175,brx,qa,2024-03-18 00:40:50,1
192.168.1.10,km,mn,2024-03-18 17:17:18,2
204.44.4.34,mai,km,2024-03-18 00:18:16,1
184.178.95.16,yo,bs,2024-03-18 21:02:35,1
74.81.40.40,nso,bf,2024-03-18 01:19:53,1
189.7.207.239,ja,lb,2024-03-18 09:59:21,1
90.224.29.225,fo,sa,2024-03-18 14:47:35,1
118.186.155.65,kw,jp,2024-03-18 13:56:32,1
170.25.23.243,raj,vn,2024-03-18 01:31:48,1
217.124.224.176,et,ie,2024-03-18 15:10:39,1
192.168.1.10,ku,vu,2024-03-18 08:37:58,2
104.188.75.233,shs,sk,2024-03-18 17:37:58,1
137.162.148.238,af,pt,2024-03-18 07:08:01,1
113.3.226.111,sd,bj,2024-03-18 01:40:29,1
79.58.199.91,bg,lv,2024-03-18 05:08:59,1
172.16.0.1,bs,dj,2024-03-18 17:13:07,2
102.166.213.158,en,sk,2024-03-18 00:25:12,1
136.200.101.29,mai,ae,2024-03-18 00:43:28,1
60.90.64.185,doi,iq,2024-03-18 19:19:10,1
221.154.161.94,sat,pe,2024-03-18 01:03:14,1
153.186.22.247,pa,py,2024-03-18 10:33:50,1
181.23.150.131,fur,mw,2024-03-18 14:34:06,1
130.0.160.231,fy,do,2024-03-18 00:57:08,1
48.227.234.129,it,ag,2024-03-18 15:09:44,1
136.232.77.3,mk,sl,2024-03-18 01:20:30,1
180.65.114.117,bem,mw,2024-03-18 01:24:18,1
46.246.237.123,tcy,pa,2024-03-18 20:34:14,1
128.57.76.93,sw,se,2024-03-18 07:00:23,1
170.28.33.8,fo,jo,2024-03-18 00:29:05,1
43.39.165.0,pt,hu,2024-03-18 06:05:17,1
58.220.237.15,kl,cf,2024-03-18 00:56:27,1
216.250.242.169,quz,by,2024-03-18 04:28:50,1
167.162.193.51,ml,kw,2024-03-18 19:09:46,1
155.64.12.16,ayc,sm,2024-03-18 00:49:01,1
68.210.142.141,bs,kp,2024-03-18 18:16:09,1
73.37.40.185,az,mr,2024-03-18 15:45:13,1
63.174.74.2,yue,jo,2024-03-18 09:59:51,1
204.73.50.67,fil,gq,2024-03-18 04:32:27,1
96.210.19.64,lij,sv,2024-03-18 12:36:30,1
163.160.123.196,tr,se,2024-03-18 23:50:22,1
53.199.238.231,hi,cd,2024-03-18 17:56:15,1
201.102.10.231,aa,uy,2024-03-18 23:40:56,1
206.120.116.91,nso,gh,2024-03-18 19:09:42,1
213.128.178.176,fa,lk,2024-03-18 10:45:22,1
10.0.0.5,ga,mt,2024-03-18 19:30:07,2
192.128.184.242,el,va,2024-03-18 19:42:02,1
166.250.191.140,ks,gm,2024-03-18 12:02:23,1
51.98.65.89,hne,se,2024-03-18 12:50:23,1
215.199.120.233,fur,ag,2024-03-18 01:11:15,1
143.194.209.56,bem,jo,2024-03-18 11:47:10,1
57.65.37.185,cv,gb,2024-03-18 01:48:49,1
120.79.250.27,lv,mc,2024-03-18 04:16:49,1
203.90.208.139,mai,rs,2024-03-18 07:57:17,1
116.185.247.57,ko,bz,2024-03-18 01:24:19,1
10.253.136.12,sq,mt,2024-03-18 16:27:22,1
49.18.30.214,ta,dm,2024-03-18 19:41:50,1
147.242.30.171,oc,kn,2024-03-18 17:50:58,1
192.168.1.10,ka,ag,2024-03-18 02:50:28,2
114.143.14.23,ber,cd,2024-03-18 11:54:08,1
154.229.76.6,fur,pt,2024-03-18 11:58:36,1
52.97.90.118,de,nl,2024-03-18 00:15:07,1
110.193.225.51,gd,ae,2024-03-18 12:10:09,1
92.87.210.165,vi,hr,2024-03-18 10:40:04,1
210.24.232.82,ru,bg,2024-03-18 01:10:26,1
110.68.238.154,li,ec,2024-03-18 01:11:10,1
206.17.44.25,ky,az,2024-03-18 07:52:02,1
131.238.226.157,ky,ir,2024-03-18 08:28:34,1
203.26.207.103,lg,gh,2024-03-18 15:55:30,1
4.83.10.29,lb,py,2024-03-18 17:04:48,1
135.202.51.4,ms,py,2024-03-18 17:07:12,1
218.49.255.75,mhr,cl,2024-03-18 20:54:54,1
132.54.243.67,is,in,2024-03-18 02:02:36,1
143.196.67.153,fr,mw,2024-03-18 07:50:26,1
92.147.233.20,my,ni,2024-03-18 02:05:45,1
55.79.191.0,li,ba,2024-03-18 13:39:05,1
46.201.37.23,sd,la,2024-03-18 01:17:45,1
75.100.48.155,ber,bw,2024-03-18 01:06:41,1
130.227.24.9,an,gr,2024-03-18 18:23:14,1
155.45.69.137,wae,km,2024-03-18 04:21:26,1
56.224.46.57,nl,za,2024-03-18 01:23:00,1
189.195.21.238,en,th,2024-03-18 03:55:15,1
45.207.157.79,doi,bh,2024-03-18 22:58:15,1
43.50.170.21,kn,ye,2024-03-18 22:21:20,1
218.35.37.231,oc,ng,2024-03-18 11:20:51,1
95.112.158.238,gu,sd,2024-03-18 07:19:38,1
120.113.229.139,st,be,2024-03-18 01:49:34,1
115.44.212.189,af,dm,2024-03-18 01:18:29,1
87.215.218.52,id,gy,2024-03-18 11:57:26,1
192.168.1.10,lo,py,2024-03-18 14:56:56,2
138.140.65.86,fo,om,2024-03-18 22:40:12,1
142.31.116.68,is,bb,2024-03-18 02:29:09,1
72.97.217.193,tl,bb,2024-03-18 13:09:41,1
190.120.99.127,nr,zm,2024-03-18 23:37:38,1
192.126.60.4,pa,sd,2024-03-18 07:15:58,1
172.16.0.1,lij,sa,2024-03-18 04:35:54,2
113.9.154.22,rw,to,2024-03-18 10:57:50,1
223.87.144.156,fr,br,2024-03-18 10:04:38,1
42.111.47.250,unm,li,2024-03-18 00:13:02,1
72.248.73.31,ja,it,2024-03-18 01:46:38,1
69.163.251.238,or,jo,2024-03-18 20:16:42,1
156.127.248.58,fr,it,2024-03-18 00:38:16,1
197.133.40.55,yue,tw,2024-03-18 23:00:26,1
30.237.115.117,lzh,tw,2024-03-18 02:00:21,1
40.70.48.56,ve,li,2024-03-18 12:30:19,1
189.68.87.53,es,kr,2024-03-18 18:06:07,1
7.84.47.149,lt,na,2024-03-18 02:50:15,1
9.241.83.39,os,sy,2024-03-18 20:19:55,1
201.73.244.232,lv,ad,2024-03-18 17:09:37,1
30.186.128.1,ayc,kz,2024-03-18 07:47:56,1
16.207.178.202,kl,vn,2024-03-18 17:46:03,1
50.213.217.180,lb,ve,2024-03-18 00:20:51,1
180.87.249.141,ayc,gr,2024-03-18 17:52:15,1
135.47.114.14,hi,sr,2024-03-18 00:46:02,1
137.183.5.241,ne,ro,2024-03-18 00:31:49,1
192.168.1.10,ss,gh,2024-03-18 01:33:11,2
5.4.8.36,dz,eg,2024-03-18 00:42:46,1
128.156.227.187,aa,gw,2024-03-18 00:22:59,1
126.119.227.142,lo,ye,2024-03-18 20:51:38,1
7.189.74.59,yue,vc,2024-03-18 12:56:39,1
210.245.226.191,nn,qa,2024-03-18 08:04:31,1
11.0.112.38,pt,mg,2024-03-18 09:18:25,1
119.248.26.75,ky,cf,2024-03-18 00:13:10,1
118.142.212.99,da,gh,2024-03-18 00:34:11,1
149.188.86.94,ce,kr,2024-03-18 14:40:55,1
20.109.44.193,gl,gd,2024-03-18 05:14:56,1
140.215.110.64,kl,tg,2024-03-18 06:27:44,1
223.237.126.13,ik,la,2024-03-18 01:58:07,1
213.174.117.29,br,kp,2024-03-18 10:55:31,1
9.13.96.144,bhb,cu,2024-03-18 16:39:10,1
47.25.228.9,hne,gy,2024-03-18 03:28:22,1
167.83.207.116,hsb,bo,2024-03-18 12:40:31,1
168.159.82.245,ik,gr,2024-03-18 06:53:32,1
32.10.197.37,szl,la,2024-03-18 05:24:38,1
207.83.93.177,shs,us,2024-03-18 19:44:52,1
2.64.4.201,hu,km,2024-03-18 22:36:40,1
46.183.119.231,lv,mr,2024-03-18 21:02:08,1
50.121.1.255,tr,ad,2024-03-18 07:35:28,1
136.173.115.233,hr,lt,2024-03-18 02:17:29,1
190.86.17.180,yo,pt,2024-03-18 19:10:52,1
54.166.200.22,lij,ga,2024-03-18 01:42:34,1
106.97.159.168,my,dm,2024-03-18 00:33:30,1
29.17.158.157,gv,rw,2024-03-18 20:01:54,1
162.148.8.48,hy,rw,2024-03-18 14:54:35,1
2.34.157.254,yo,to,2024-03-18 00:57:12,1
121.102.160.217,ce,ke,2024-03-18 08:31:49,1
192.168.1.10,lg,cy,2024-03-18 14:53:53,2
89.169.30.32,fr,sc,2024-03-18 16:19:49,1
153.77.175.4,nan,sl,2024-03-18 00:45:37,1
191.81.12.230,the,fj,2024-03-18 19:47:59,1
206.141.144.141,csb,ae,2024-03-18 07:53:10,1
157.43.247.216,ff,cl,2024-03-18 00:10:32,1
159.44.70.48,mni,li,2024-03-18 21:19:19,1
87.133.42.76,ja,fj,2024-03-18 22:18:03,1
85.101.54.179,bn,th,2024-03-18 03:03:41,1
120.223.206.238,shs,ml,2024-03-18 09:47:05,1
173.218.216.18,ve,pk,2024-03-18 16:53:22,1
179.57.86.33,doi,cg,2024-03-18 11:49:26,1
117.211.108.230,sc,id,2024-03-18 05:58:54,1
17.146.75.151,ht,pe,2024-03-18 10:01:44,1
170.3.18.213,eo,mu,2024-03-18 20:05:48,1
76.255.189.107,ast,ki,2024-03-18 22:52:01,1
167.249.29.242,shs,kp,2024-03-18 19:53:18,1
83.147.137.99,ks,kg,2024-03-18 12:45:12,1
137.88.34.128,nb,kh,2024-03-18 00:56:00,1
143.227.251.222,gv,iq,2024-03-18 03:42:59,1
92.41.19.178,eu,lv,2024-03-18 19:48:37,1
2.187.91.193,te,lc,2024-03-18 20:05:55,1
37.107.212.252,sw,gr,2024-03-18 20:55:38,1
26.57.7.148,af,gb,2024-03-18 19:36:15,1
192.168.1.10,wa,eg,2024-03-18 01:25:29,2
198.34.6.33,apn,mz,2024-03-18 16:34:35,1
41.193.207.251,doi,al,2024-03-18 06:56:31,1
105.54.32.226,om,cz,2024-03-18 08:49:51,1
157.161.100.66,brx,lb,2024-03-18 02:11:34,1
99.245.112.18,nn,ir,2024-03-18 02:28:31,1
